c1,c2,c3,c4,c5,c6,c7,c8,c9,c10,c11,c12,c13,c14,c15,c16,c17,c18,c19,c20,c21,c22,c23,c24,c25,c26,c27,c28,c29,c30,c31,c32,c33,c34,c35,c36,c37,c38,Class
?,C,A,8,0,?,S,?,0,?,?,G,?,?,?,?,?,?,?,?,?,?,?,?,?,?,?,?,?,?,?,COIL,700,0610.0,0,?,0,?,3
?,C,R,0,0,?,S,2,0,?,?,E,?,?,?,?,?,?,?,?,?,?,?,?,?,?,?,Y,?,?,?,COIL,3200,0610.0,0,?,0,?,3
?,C,R,0,0,?,S,2,0,?,?,E,?,?,Y,?,B,?,?,?,?,?,?,?,?,?,?,?,?,?,?,SHEET,700,1300.0,762,?,0,?,3
?,C,A,0,60,T,?,?,0,?,?,G,?,?,?,?,M,?,?,?,?,?,?,?,?,?,?,?,?,?,?,COIL,2801,0385.1,0,?,0,?,3
?,C,A,0,60,T,?,?,0,?,?,G,?,?,?,?,B,Y,?,?,?,Y,?,?,?,?,?,?,?,?,?,SHEET,801,0255.0,269,?,0,?,3
?,C,A,0,45,?,S,?,0,?,?,D,?,?,?,?,?,?,?,?,?,?,?,?,?,?,?,?,?,?,?,COIL,1600,0610.0,0,?,0,?,3
?,C,R,0,0,?,S,2,0,?,?,E,?,?,?,?,?,Y,?,?,?,?,?,?,?,?,?,?,?,?,?,SHEET,699,0610.0,4880,Y,0,?,3
?,C,A,0,0,?,S,2,0,?,?,E,?,?,?,?,?,?,?,?,?,?,?,?,?,?,?,Y,?,?,?,COIL,3300,0152.0,0,?,0,?,3
?,C,R,0,0,?,S,2,0,?,?,E,?,?,?,?,?,?,?,?,?,?,?,?,?,?,?,Y,?,?,?,COIL,699,1320.0,0,?,0,?,3
?,C,A,0,0,?,S,3,0,N,?,E,?,?,?,?,?,?,?,?,?,?,?,?,?,?,?,?,?,?,?,SHEET,1000,1320.0,762,?,0,?,3
?,C,R,0,0,?,S,2,0,?,?,E,?,?,?,?,?,?,?,?,?,?,?,?,?,?,?,?,?,?,?,COIL,1200,0610.0,0,?,0,?,3
?,C,R,0,0,?,S,2,0,?,?,E,?,?,?,?,?,Y,?,?,?,?,?,?,?,?,?,?,?,?,?,SHEET,300,1320.0,4880,Y,0,?,3
?,C,R,0,0,?,S,2,0,?,?,E,?,?,?,?,B,Y,?,?,?,Y,?,?,?,?,?,?,?,?,?,SHEET,1200,0610.0,150,?,0,?,3
?,C,A,0,45,?,S,?,0,?,?,D,?,?,?,?,?,?,?,?,?,?,?,?,?,?,?,?,?,?,?,COIL,1200,0609.9,0,?,0,?,3
?,C,A,0,0,?,S,2,0,?,?,F,?,?,Y,?,?,?,?,?,?,?,?,?,?,?,?,?,?,?,?,SHEET,600,1220.0,761,?,0,?,3
?,C,A,0,0,?,S,2,0,?,?,E,?,?,?,?,?,?,?,?,?,?,?,?,?,?,?,?,?,?,?,SHEET,4000,1320.0,762,?,0,?,3
?,C,A,10,0,?,?,?,0,?,?,E,?,?,?,?,?,?,?,?,?,?,?,?,?,?,?,?,?,?,?,COIL,3201,0600.0,0,?,0,?,U
?,C,A,0,80,T,?,?,0,?,?,G,?,?,?,?,?,?,?,?,?,?,?,?,?,?,?,?,?,?,?,SHEET,800,0610.0,4170,Y,0,?,U
?,C,A,0,0,?,S,2,0,?,?,E,?,?,?,?,?,?,?,?,?,?,?,?,?,?,?,?,?,?,?,SHEET,3200,1320.1,762,?,0,?,3
?,C,A,0,70,T,?,?,0,?,?,G,?,?,?,?,?,?,?,?,?,?,?,?,?,?,?,?,?,?,?,COIL,501,1200.1,0,?,0,?,3
?,C,A,0,0,?,S,2,0,?,?,F,?,?,Y,?,?,Y,?,?,?,?,?,?,?,?,?,?,?,?,?,SHEET,600,0610.0,761,?,0,?,3
?,C,K,55,0,?,?,?,0,?,?,?,?,?,?,?,?,?,?,?,?,?,?,?,?,?,?,?,?,?,?,COIL,800,0610.0,0,?,0,?,3
?,C,A,0,85,T,?,?,0,?,?,G,?,?,?,?,?,?,?,?,?,?,?,?,?,?,?,?,?,?,?,COIL,1001,0050.0,0,?,0,?,U
?,C,S,70,0,?,?,?,0,?,?,?,?,?,?,?,?,?,?,?,?,?,?,?,?,?,?,?,?,?,?,COIL,3200,0609.9,0,?,0,?,3
?,C,A,3,0,T,?,?,0,?,?,?,?,?,Y,?,?,?,?,?,?,?,?,?,?,?,?,?,?,?,?,COIL,500,0610.0,0,?,0,?,1
?,C,?,0,50,T,?,?,0,?,?,G,?,?,?,Y,?,?,?,?,?,?,?,?,?,?,?,?,?,?,?,COIL,3200,1320.0,0,?,0,?,3
?,C,A,0,60,T,?,?,0,?,?,G,?,?,?,?,B,Y,?,?,?,Y,?,?,?,?,?,?,?,?,?,SHEET,800,0356.0,4880,?,0,?,3
?,C,R,0,0,?,S,2,0,?,?,E,?,?,?,?,?,?,?,?,?,Y,?,?,?,?,?,?,?,?,?,SHEET,700,0609.9,4170,?,0,?,3
?,C,K,55,0,?,?,?,0,?,?,?,?,?,?,?,?,?,?,?,?,?,?,?,?,?,?,?,?,?,?,COIL,800,0900.0,0,?,0,?,3
?,C,W,0,0,?,?,?,310,?,?,G,?,?,?,?,?,?,?,?,?,?,?,?,?,?,?,?,?,?,?,COIL,1600,0610.0,0,?,500,?,3
TN,C,A,0,0,?,?,3,0,N,?,?,?,?,?,?,B,?,?,?,?,?,?,?,Y,?,?,?,?,?,?,SHEET,600,0610.0,4880,?,0,?,5
?,C,?,0,45,?,S,?,0,?,?,E,?,?,?,?,?,?,?,?,?,Y,?,?,?,?,?,?,?,?,?,SHEET,1400,1320.0,4170,?,0,?,3
?,C,A,0,45,?,S,?,0,?,?,D,?,?,?,?,B,?,?,?,?,?,?,?,?,?,?,?,?,?,?,SHEET,699,1320.0,762,?,0,?,3
?,C,A,0,85,T,?,?,0,?,?,G,?,?,?,?,?,?,?,?,?,?,?,?,?,?,?,?,?,?,?,COIL,4000,0450.0,0,?,0,?,U
?,C,A,0,0,?,S,3,0,N,?,F,?,?,?,?,?,?,?,?,?,?,?,?,?,?,?,?,?,?,?,SHEET,750,1320.0,4880,?,0,?,3
TN,C,A,0,0,?,?,3,0,N,?,?,?,?,?,?,B,?,?,?,?,?,?,?,?,?,?,?,?,?,?,COIL,1600,1220.0,0,?,0,?,5
?,C,M,0,0,?,?,?,350,?,?,G,?,?,?,Y,?,?,?,?,?,?,?,?,?,?,?,?,?,?,?,COIL,1399,1320.0,0,?,0,?,3
?,C,A,0,50,T,?,?,0,?,?,G,?,?,?,Y,?,?,?,?,?,?,?,?,?,?,?,?,?,?,?,COIL,600,1320.0,0,?,0,?,3
?,C,R,0,0,?,S,2,0,?,?,E,?,?,?,?,?,?,?,?,?,?,?,?,?,?,?,?,?,?,?,COIL,651,0020.0,0,?,0,?,3
?,C,R,0,0,?,S,2,0,?,?,E,?,?,?,?,?,?,?,?,?,?,?,?,?,?,?,?,?,?,?,SHEET,1600,0374.9,4880,?,0,?,3
ZS,C,A,0,0,?,S,3,0,N,?,E,?,?,?,?,?,?,?,?,?,?,?,?,?,?,?,?,?,?,?,COIL,1600,0050.0,0,?,0,?,3
?,C,R,0,0,?,S,2,0,?,?,E,?,?,Y,?,?,Y,?,?,?,?,?,?,?,?,?,?,?,?,?,SHEET,699,1320.0,4880,Y,0,?,3
ZS,C,A,0,50,T,?,?,0,?,?,E,?,?,?,?,?,?,?,?,?,?,?,?,?,?,?,?,?,?,?,COIL,700,0610.0,0,?,0,?,3
?,C,R,0,0,?,S,3,0,?,?,E,?,?,?,?,?,?,?,?,?,?,?,?,?,?,?,?,?,?,?,SHEET,600,0610.0,762,?,0,?,3
TN,C,A,0,0,?,?,3,0,N,?,?,?,?,?,?,?,?,?,?,?,?,?,?,Y,?,?,?,?,?,?,COIL,799,0020.0,0,?,0,?,5
?,C,A,0,0,?,S,2,0,?,?,F,?,?,Y,?,?,?,?,?,?,?,?,?,?,?,?,?,?,?,?,SHEET,600,0610.0,301,?,0,?,3
?,C,R,0,0,?,S,3,0,?,?,E,?,?,?,?,?,?,?,?,?,?,?,?,?,?,?,?,?,?,?,SHEET,601,0610.0,4880,?,0,?,3
?,C,A,0,45,?,S,?,0,?,?,D,?,?,?,?,?,Y,?,?,?,?,?,?,?,?,?,?,?,?,?,SHEET,700,1320.0,4880,?,0,?,3
?,C,W,0,0,?,?,?,310,?,?,G,?,?,?,?,B,?,?,?,?,?,?,?,?,?,?,?,?,?,?,COIL,2500,1274.9,0,?,500,?,3
?,C,A,0,0,?,S,2,0,?,?,G,?,?,?,?,?,?,?,?,?,?,?,?,?,?,?,?,?,?,?,SHEET,699,1320.0,4880,N,0,?,3
?,C,A,0,0,?,S,2,0,?,?,E,?,?,?,?,B,Y,?,?,?,?,?,?,?,?,?,?,?,?,?,SHEET,700,0609.9,762,?,0,?,3
?,C,?,0,0,?,S,1,0,?,?,G,?,?,?,?,?,?,?,?,?,?,?,?,?,?,?,?,?,?,?,SHEET,300,1320.0,761,?,0,?,3
?,C,R,0,0,?,S,2,0,?,?,E,?,?,?,?,B,Y,?,?,?,?,?,?,?,?,?,?,?,?,?,SHEET,1599,1300.0,762,?,0,?,3
?,C,A,0,45,?,S,?,0,?,?,D,?,?,?,?,?,?,?,?,?,?,?,?,?,?,?,?,?,?,?,SHEET,599,0150.0,4880,?,0,?,3
?,C,A,0,0,?,S,2,0,?,?,E,?,?,?,Y,?,?,?,?,?,?,?,?,?,?,?,?,?,?,?,COIL,700,1320.0,0,?,0,?,3
?,C,R,0,0,?,S,2,0,?,?,E,?,?,?,?,?,?,?,?,?,?,?,?,?,?,?,?,?,?,?,SHEET,700,0374.9,4880,?,0,?,3
?,C,?,0,0,?,A,2,0,?,?,G,?,?,?,?,?,?,?,?,?,?,?,?,?,?,?,?,?,?,?,SHEET,301,0610.0,762,Y,0,?,3
?,C,A,0,0,?,?,?,500,?,?,G,?,?,?,?,?,?,?,?,?,?,?,?,?,?,?,?,?,?,?,COIL,1600,1320.0,0,?,0,?,3
?,C,A,0,0,?,S,2,0,?,?,G,?,?,?,Y,?,?,?,?,?,?,?,?,?,?,?,?,?,?,?,SHEET,3200,1300.0,762,?,0,?,3
ZS,C,A,0,0,?,S,5,0,N,?,E,?,?,?,?,?,?,?,?,?,?,?,?,?,?,?,?,?,?,?,SHEET,1200,0610.0,762,?,0,?,3
ZS,C,A,0,0,?,S,5,0,N,?,E,?,?,?,?,?,?,?,?,?,?,?,?,?,?,?,?,?,?,?,SHEET,1200,0610.0,4880,?,0,?,3
?,C,A,0,0,?,S,3,0,N,?,F,?,?,?,?,B,Y,?,?,?,Y,?,?,?,?,?,?,?,?,?,SHEET,600,1220.0,762,?,0,?,3
?,C,A,0,45,?,S,?,0,?,?,D,?,?,?,?,?,?,?,?,?,?,?,?,?,?,?,?,?,?,?,COIL,301,0610.0,0,?,0,?,3
ZS,C,A,0,85,T,?,?,0,?,?,E,?,?,?,Y,?,?,?,?,?,?,?,?,?,?,?,?,?,?,?,SHEET,1000,0610.0,762,?,0,?,U
?,C,R,0,0,?,S,2,0,?,?,E,?,?,?,?,B,?,?,?,?,?,?,?,?,?,?,?,?,?,?,SHEET,1600,0500.0,762,?,0,?,3
?,C,?,0,0,?,S,1,0,?,?,G,?,?,?,?,B,Y,?,?,?,?,?,?,?,?,?,?,?,?,?,SHEET,301,0515.0,610,Y,0,?,3
TN,C,A,0,0,?,?,3,0,N,?,?,?,?,?,?,?,?,?,C,?,?,?,?,?,?,?,?,?,?,?,SHEET,1200,0335.0,611,?,0,?,5
?,C,R,0,0,?,S,3,0,?,?,?,?,?,?,?,?,?,?,?,?,?,?,?,?,?,?,?,?,?,?,SHEET,800,1320.0,762,?,0,?,2
?,C,A,0,0,?,S,2,0,?,?,E,?,?,?,?,?,?,?,?,?,?,?,?,?,?,?,?,?,?,?,COIL,400,0020.0,0,?,0,?,3
TN,C,A,0,0,?,?,3,0,N,?,?,?,?,?,?,?,?,?,C,?,?,?,?,?,?,?,?,?,?,?,COIL,600,0250.0,0,?,0,?,5
?,C,A,0,70,T,?,?,0,?,?,G,?,?,?,?,?,?,?,?,?,?,?,?,?,?,?,?,?,?,?,COIL,801,0610.0,0,?,600,?,3
?,C,R,0,0,?,S,2,0,?,?,E,?,?,?,Y,M,?,?,?,?,?,?,?,?,?,?,?,?,?,?,COIL,3500,0610.0,0,?,600,?,3
?,C,?,0,0,?,S,1,0,?,?,G,?,?,?,?,?,?,?,?,?,?,?,?,?,?,?,?,?,?,?,SHEET,699,0610.0,762,Y,0,?,3
?,C,R,0,0,?,S,2,0,?,?,E,?,?,?,?,B,?,?,?,?,?,?,?,?,?,?,?,?,?,?,COIL,799,1300.0,0,?,0,?,3
?,C,A,4,0,T,?,?,0,?,?,G,?,?,?,?,?,?,?,?,?,?,?,?,?,?,?,?,?,?,?,COIL,500,1130.0,0,?,0,?,3
?,C,R,0,0,?,S,3,0,?,?,E,?,?,?,?,?,?,?,?,?,?,?,?,?,?,?,?,?,?,?,SHEET,600,0609.0,612,?,0,?,3
?,C,?,0,0,?,?,?,500,?,P,?,?,?,?,?,?,?,?,?,?,?,?,?,?,?,?,?,?,?,?,SHEET,1600,0609.9,4880,?,0,?,2
?,C,A,0,0,?,S,3,0,N,?,G,?,?,?,?,?,?,?,?,?,?,?,?,?,?,?,?,?,?,?,COIL,601,1320.0,0,?,0,?,3
ZS,C,A,0,70,T,?,?,0,?,?,E,?,?,?,?,?,?,?,?,?,?,?,?,?,?,?,?,?,?,?,COIL,2000,1250.0,0,?,0,?,3
?,C,R,0,0,?,S,2,0,?,?,E,?,?,Y,?,?,?,?,?,?,?,?,?,?,?,?,?,?,?,?,SHEET,3200,1320.0,4880,?,0,?,3
?,C,A,0,45,?,S,?,0,?,?,E,?,?,?,?,?,?,?,?,?,Y,?,?,?,?,?,?,?,?,?,COIL,700,0610.0,0,?,0,?,3
?,C,A,0,0,?,S,2,0,?,?,F,?,?,Y,?,?,?,?,?,?,?,?,?,?,?,?,?,?,?,?,SHEET,600,0610.0,762,?,0,?,3
?,C,V,0,0,?,S,2,0,?,?,?,2,?,?,?,?,?,?,?,?,?,?,?,?,?,?,?,?,?,?,SHEET,1599,0610.0,1,?,0,?,2
?,C,A,0,50,T,?,?,0,?,?,G,?,?,?,?,?,?,?,?,?,?,?,?,?,?,?,?,?,?,?,COIL,800,0609.9,0,?,0,?,3
ZS,C,R,0,0,?,S,3,0,?,?,E,?,?,?,?,?,?,?,?,?,?,?,?,?,?,?,?,?,?,?,SHEET,1600,0610.0,4880,?,0,?,3
?,C,K,45,0,?,?,?,0,?,?,?,?,?,?,Y,M,?,?,?,?,?,?,?,?,?,?,?,?,?,?,COIL,3200,0640.0,0,?,600,?,3
?,C,R,0,0,?,S,3,0,?,?,?,?,?,?,?,B,?,?,?,?,?,?,?,?,?,?,?,?,?,?,SHEET,800,1320.0,4880,?,0,?,2
?,C,A,0,0,?,S,2,0,?,?,E,?,?,?,?,?,?,?,?,?,Y,?,?,?,?,?,?,?,?,?,COIL,1600,0610.0,0,?,0,3,3
?,C,M,0,0,?,?,?,600,?,?,G,?,?,?,Y,?,?,?,?,?,?,?,?,?,?,?,?,?,?,?,COIL,1600,1090.0,0,?,0,?,2
TN,C,?,0,0,?,A,1,0,?,?,?,?,?,?,?,?,?,?,C,?,?,?,?,?,?,?,?,?,?,?,COIL,500,0610.0,0,?,0,?,5
?,C,A,10,0,?,?,?,0,?,?,E,?,?,?,?,?,?,?,?,?,?,?,?,?,?,?,?,?,?,?,COIL,1201,1320.0,0,?,0,?,U
?,C,?,0,0,?,S,1,0,?,?,G,?,?,?,?,?,?,?,?,?,?,?,?,?,?,?,?,?,?,?,SHEET,300,0610.0,762,Y,0,?,3
?,C,A,0,0,?,S,2,0,?,?,E,?,?,?,?,?,?,?,?,?,?,?,?,?,?,?,?,?,?,?,SHEET,700,1320.1,4880,?,0,?,3
?,C,A,0,0,?,S,2,0,?,?,E,?,?,?,?,?,Y,?,?,?,?,?,?,?,?,?,?,?,?,?,SHEET,700,0610.0,4880,?,0,?,3
?,C,K,55,0,?,?,?,0,?,?,?,?,?,?,Y,M,?,?,?,?,?,?,?,?,?,?,Y,?,?,?,COIL,1500,0640.0,0,?,0,?,3
?,C,A,0,45,?,S,?,0,?,?,D,?,?,?,?,?,?,?,?,?,?,?,?,?,?,?,?,?,?,?,SHEET,599,0609.9,4880,?,0,?,3
?,C,R,0,0,?,S,3,0,?,?,?,?,?,?,?,B,Y,?,?,?,?,?,?,?,?,?,?,?,?,?,SHEET,800,0610.0,762,?,0,?,2
TN,C,A,0,0,?,?,3,0,N,?,?,?,?,?,?,?,?,?,?,?,?,?,?,Y,?,?,?,?,?,?,SHEET,1600,0610.0,761,?,0,?,5
TN,C,A,0,0,?,?,3,0,N,?,?,?,?,?,?,B,?,?,?,?,?,?,?,?,?,?,?,?,?,?,COIL,600,0610.0,0,?,0,?,5
?,C,R,0,0,?,S,2,0,?,?,?,?,?,?,?,?,Y,?,?,?,?,?,?,?,?,?,?,?,?,?,SHEET,1599,0610.0,4880,?,0,?,2
?,C,R,0,0,?,S,2,0,?,?,?,?,?,?,?,B,Y,?,?,?,?,?,?,?,?,?,?,?,?,?,SHEET,2000,0610.0,612,?,0,?,2
?,C,R,0,0,?,?,?,500,?,?,?,?,?,?,?,?,?,?,?,?,?,?,?,?,?,?,?,?,?,?,SHEET,1000,0610.0,4880,?,0,?,3
?,C,A,0,0,?,S,2,0,?,?,F,?,?,?,?,?,?,?,?,?,?,?,?,?,?,?,?,?,?,?,SHEET,999,0610.0,762,?,0,?,3
?,C,A,0,0,?,S,2,0,?,?,F,?,?,Y,?,B,Y,?,?,?,?,?,?,?,?,?,?,?,?,?,SHEET,699,0610.0,761,?,0,?,3
?,C,R,6,0,T,?,?,0,?,?,?,?,?,Y,?,?,?,?,?,?,?,?,?,?,?,?,?,?,?,?,COIL,500,0025.0,0,?,0,?,3
?,C,A,0,45,?,S,?,0,?,?,D,?,?,?,?,?,Y,?,?,?,?,?,?,?,?,?,?,?,?,?,SHEET,700,0610.0,762,?,0,?,3
?,C,A,0,45,?,S,?,0,?,?,D,?,?,?,?,B,?,?,?,?,?,?,?,?,?,?,?,?,?,?,COIL,1600,0610.0,0,?,0,?,3
TN,C,A,0,0,?,?,3,0,N,?,?,?,?,?,?,?,?,?,?,P,?,?,?,?,?,?,?,?,?,?,SHEET,500,1220.0,4880,?,0,?,5
?,C,R,0,0,?,S,2,0,?,?,E,?,?,Y,?,B,?,?,?,?,?,?,?,?,?,?,?,?,?,?,SHEET,700,1300.0,4880,?,0,?,3
?,C,A,0,0,?,S,2,0,?,?,E,?,?,?,?,B,?,?,?,?,?,?,?,?,?,?,?,?,?,?,SHEET,700,0609.9,762,?,0,?,3
?,C,?,0,0,T,S,2,0,?,?,?,?,?,?,?,?,?,?,?,?,?,?,?,?,?,?,?,?,?,?,COIL,700,1320.0,0,?,0,?,3
?,C,A,0,70,T,?,?,0,?,?,G,?,?,?,?,B,?,?,?,?,?,?,?,?,?,?,?,?,?,?,COIL,800,0050.0,0,?,0,?,3
TN,C,A,0,0,?,?,3,0,N,?,?,?,?,?,?,?,?,?,C,?,?,?,?,?,?,?,?,?,?,?,SHEET,600,1220.0,761,?,0,?,5
?,C,R,0,0,?,S,2,0,?,?,E,?,?,Y,?,?,?,?,?,?,?,?,?,?,?,?,?,?,?,?,SHEET,699,0610.0,4880,Y,0,?,3
?,C,R,0,0,?,?,?,500,?,?,?,?,?,?,?,?,?,?,?,?,?,?,?,?,?,?,?,?,?,?,SHEET,1000,1100.0,762,?,0,?,3
?,C,M,0,0,?,?,?,600,?,?,G,?,?,?,?,?,?,?,?,?,?,?,?,?,?,?,?,?,?,?,COIL,1600,1090.0,0,?,0,?,2
?,C,A,0,85,T,?,?,0,?,?,G,?,?,?,?,?,?,?,?,?,?,?,?,?,?,?,?,?,?,?,COIL,3200,0610.0,0,Y,0,?,U
?,C,A,0,45,?,S,?,0,?,?,D,?,?,?,?,?,?,?,?,?,?,?,?,?,?,?,?,?,?,?,SHEET,599,0520.0,4880,?,0,?,3
ZS,C,R,0,0,?,A,2,0,?,?,G,?,?,?,?,?,?,?,?,?,?,?,?,?,?,?,?,?,?,?,COIL,250,0020.0,0,?,0,?,3
?,C,S,0,0,?,?,?,400,?,?,?,?,?,?,?,?,?,?,?,?,?,?,?,?,?,V,?,?,?,?,COIL,800,0075.0,0,?,0,?,1
?,C,R,0,0,?,S,2,0,?,?,E,?,?,?,?,?,?,?,?,?,?,?,?,?,?,?,?,?,?,?,SHEET,699,0610.0,4880,Y,0,?,3
?,C,A,0,0,?,S,2,0,?,?,G,?,?,?,Y,?,?,?,?,?,?,?,?,?,?,?,?,?,?,?,SHEET,700,1300.0,4880,?,0,?,3
?,C,A,0,45,?,S,?,0,?,?,D,?,?,?,?,B,?,?,?,?,?,?,?,?,?,?,?,?,?,?,COIL,699,1320.0,0,?,0,?,3
?,C,A,4,0,T,?,?,0,?,?,G,?,?,?,?,?,?,?,?,?,?,?,?,?,?,?,?,?,?,?,COIL,1000,1130.0,0,?,0,?,3
?,C,?,0,50,T,?,?,0,?,?,G,?,?,?,?,?,?,?,?,?,?,?,?,?,?,?,Y,?,?,?,COIL,451,1320.0,0,?,0,?,3
TN,C,A,0,0,?,?,3,0,N,?,?,?,?,?,?,?,?,?,?,?,?,?,?,Y,?,?,?,?,?,?,COIL,1600,1220.0,0,?,0,?,5
?,C,W,0,0,?,?,?,310,?,?,G,?,?,?,?,?,?,?,?,?,?,?,?,?,?,?,?,?,?,?,COIL,1599,1275.0,0,?,0,?,3
TN,C,A,0,0,?,?,3,0,N,?,?,?,?,?,?,?,?,?,C,?,?,?,?,?,?,?,?,?,?,?,SHEET,1600,0610.0,4880,?,0,?,5
?,C,R,0,0,?,S,3,0,?,?,?,?,?,?,?,?,?,?,?,?,?,?,?,?,?,?,?,?,?,?,COIL,1599,0610.0,0,?,0,?,2
?,C,R,0,0,?,S,2,0,?,?,?,?,?,?,?,B,Y,?,?,?,?,?,?,?,?,?,?,?,?,?,SHEET,2000,0610.0,4170,?,0,?,2
?,C,R,0,0,?,S,2,0,?,?,E,?,?,?,?,?,?,?,?,?,?,?,?,?,?,?,?,?,?,?,COIL,1200,1220.0,0,?,0,?,3
?,C,K,45,0,?,?,?,0,?,?,?,?,?,?,?,?,?,?,?,?,?,?,?,?,?,?,?,?,?,?,COIL,1090,0610.0,0,?,0,?,3
?,C,R,0,0,?,S,2,0,?,?,?,?,?,?,?,B,Y,?,?,?,?,?,?,?,?,?,?,?,?,?,SHEET,1599,1300.0,762,?,0,?,2
?,C,V,0,0,?,S,2,0,?,?,?,2,?,?,?,?,?,?,?,?,?,?,?,?,?,?,?,?,?,?,COIL,1201,1525.0,0,?,0,?,2
?,C,K,55,0,?,?,?,0,?,?,?,?,?,?,Y,?,?,?,?,?,?,?,?,?,?,?,?,?,?,?,COIL,1100,0900.0,0,?,0,?,3
?,C,R,0,0,?,S,3,0,?,?,?,?,?,?,?,?,?,?,?,?,?,?,?,?,?,?,?,?,?,?,SHEET,2000,1525.0,612,?,0,?,2
?,C,A,0,0,?,S,2,0,?,?,E,?,?,?,?,M,?,?,?,?,?,?,?,?,?,?,?,?,?,?,COIL,3500,0610.0,0,?,600,?,3
?,C,A,0,50,T,?,?,0,?,?,G,?,?,?,Y,?,?,?,?,?,?,?,?,?,?,?,?,?,?,?,COIL,600,0610.0,0,?,0,?,3
TN,C,A,0,0,?,?,3,0,N,?,?,?,?,?,?,?,?,?,?,P,?,?,?,?,?,?,?,?,?,?,COIL,1600,0610.0,0,?,0,?,5
?,C,W,0,0,?,?,?,310,?,?,G,?,?,Y,?,?,?,?,?,?,?,?,?,?,?,?,?,?,?,?,SHEET,2500,0610.0,4880,?,0,?,3
?,C,A,0,60,T,?,?,0,?,?,G,?,?,?,?,?,?,?,?,?,?,?,?,?,?,?,Y,?,?,?,COIL,600,0050.0,0,?,0,?,3
?,C,A,0,45,?,S,?,0,?,?,D,?,?,?,?,?,?,?,?,?,?,?,?,?,?,?,?,?,?,?,SHEET,699,1320.0,760,N,0,?,3
?,C,R,0,0,?,A,3,0,?,?,G,?,?,?,?,?,?,?,?,?,Y,?,?,?,?,?,?,?,?,?,COIL,400,0058.0,0,?,0,?,3
?,C,R,0,0,?,S,2,0,?,?,E,?,?,?,?,B,?,?,?,?,?,?,?,?,?,?,?,?,?,?,COIL,3200,0609.9,0,?,0,?,3
?,C,?,0,0,?,A,2,0,?,?,G,?,?,?,?,?,?,?,?,?,?,?,?,?,?,?,?,?,?,?,COIL,700,1320.0,0,?,0,?,3
ZS,C,A,0,50,T,?,?,0,?,?,E,?,?,Y,?,?,?,?,?,?,?,?,?,?,?,?,?,?,?,?,COIL,1600,1250.0,0,?,0,?,3
?,C,R,0,0,?,S,3,0,?,?,?,?,?,?,?,?,?,?,?,?,?,?,?,?,?,?,?,?,?,?,SHEET,1601,0830.0,881,?,0,?,2
?,C,M,0,0,?,?,?,350,?,?,G,?,?,?,Y,?,?,?,?,?,?,?,?,?,?,?,?,?,?,?,COIL,900,1320.0,0,?,0,?,3
?,C,V,0,0,?,S,2,0,?,?,?,2,?,?,?,?,?,?,?,?,?,?,?,?,?,?,?,?,?,?,COIL,2000,1525.0,0,?,0,?,2
?,C,A,0,0,?,S,2,0,?,?,F,?,?,Y,?,B,?,?,?,?,?,?,?,?,?,?,?,?,?,?,SHEET,699,0520.0,762,?,0,?,3
?,C,A,0,60,T,?,?,0,?,?,G,?,?,?,?,?,?,?,?,?,Y,?,?,?,?,?,?,?,?,?,COIL,800,0710.1,0,?,0,?,3
ZS,C,A,0,50,T,?,?,0,?,?,E,?,?,?,?,?,?,?,?,?,?,?,?,?,?,?,?,?,?,?,COIL,600,0610.0,0,?,0,?,3
?,C,R,0,0,?,?,?,500,?,?,?,?,?,?,Y,?,?,?,?,?,?,?,?,?,?,?,?,?,?,?,COIL,1600,1320.0,0,?,0,?,3
?,C,R,0,0,?,S,3,0,?,?,E,?,?,?,?,?,?,?,?,?,?,?,?,?,?,?,?,?,?,?,SHEET,600,0610.0,4880,?,0,?,3
?,C,A,0,0,?,S,2,0,?,?,E,?,?,?,?,B,Y,?,?,?,?,?,?,?,?,?,?,?,?,?,SHEET,1600,1320.0,1000,?,0,?,3
?,C,A,0,0,?,S,2,0,?,?,G,?,?,?,?,B,Y,?,?,?,?,?,?,?,?,?,?,?,?,?,SHEET,700,0610.0,4880,?,0,?,3
?,C,A,0,45,?,S,?,0,?,?,D,?,?,?,?,?,?,?,?,?,?,?,?,?,?,?,?,?,?,?,COIL,699,1320.0,0,N,0,?,3
?,C,A,0,85,T,?,?,0,?,?,G,?,?,?,?,M,?,?,?,?,?,?,?,?,?,?,Y,?,?,?,COIL,3201,1000.0,0,?,600,?,U
TN,C,A,0,0,?,?,3,0,N,?,?,?,?,?,?,B,?,?,?,?,?,?,?,Y,?,?,?,?,?,?,SHEET,600,1220.0,4880,?,0,?,5
ZS,C,A,0,0,?,S,3,0,N,?,E,?,?,?,?,?,?,?,?,?,?,?,?,?,?,?,?,?,?,?,COIL,1000,0075.0,0,?,0,?,3
TN,C,?,0,0,?,A,1,0,?,?,?,?,?,?,?,?,?,?,?,P,?,?,?,?,?,?,?,?,?,?,COIL,1600,1220.0,0,?,0,?,5
?,C,A,0,0,?,S,2,0,?,?,E,?,?,?,?,B,?,?,?,?,?,?,?,?,?,?,?,?,?,?,COIL,3200,0609.9,0,?,0,?,3
?,C,R,0,0,?,S,2,0,?,?,E,?,?,?,?,?,?,?,?,?,?,?,?,?,?,?,Y,?,?,?,COIL,700,1320.0,0,?,0,?,3
?,C,A,0,70,T,?,?,0,?,?,G,?,?,?,?,B,?,?,?,?,?,?,?,?,?,?,?,?,?,?,COIL,2500,0609.9,0,?,0,?,3
?,C,A,0,0,?,S,2,0,?,?,F,?,?,Y,?,B,Y,?,?,?,?,?,?,?,?,?,?,?,?,?,SHEET,699,0609.9,0,?,0,?,3
?,C,R,0,0,?,S,2,0,?,?,E,?,?,?,?,B,Y,?,?,?,?,?,?,?,?,?,?,?,?,?,SHEET,3200,0610.0,1000,?,0,?,3
?,C,R,0,0,?,S,2,0,?,?,E,?,?,?,?,?,?,?,?,?,?,?,?,?,?,?,?,?,?,?,COIL,900,0966.1,0,?,0,?,3
?,C,A,0,0,?,S,3,0,N,?,E,?,?,?,Y,?,?,?,?,?,?,?,?,?,?,?,?,?,?,?,COIL,1001,0610.0,0,?,0,?,3
?,C,R,0,0,?,S,3,0,?,?,E,?,?,?,?,?,?,?,?,?,?,?,?,?,?,?,?,?,?,?,SHEET,601,0375.0,612,?,0,?,3
TN,C,A,0,0,?,?,3,0,N,?,?,?,?,?,?,?,?,?,C,?,?,?,?,?,?,?,?,?,?,?,COIL,800,0050.0,0,?,0,?,5
?,C,K,45,0,?,?,?,0,?,?,?,?,?,?,?,?,?,?,?,?,?,?,?,?,?,?,?,?,?,?,COIL,600,0610.0,0,?,0,?,3
?,C,A,0,0,?,S,2,0,?,?,E,?,?,?,?,?,?,?,?,?,?,?,?,?,?,?,?,?,?,?,COIL,3200,1320.0,0,?,0,?,3
TN,C,A,0,0,?,?,3,0,N,?,?,?,?,?,?,?,?,?,C,?,?,?,?,?,?,?,?,?,?,?,SHEET,600,0610.0,4880,?,0,?,5
?,C,A,0,0,?,S,2,0,?,?,F,?,?,?,?,?,?,?,?,?,?,?,?,?,?,?,?,?,?,?,SHEET,999,1220.0,762,?,0,?,3
?,C,R,0,0,?,S,2,0,?,?,?,?,?,?,?,?,?,?,?,?,?,?,?,?,?,?,?,?,?,?,COIL,1600,0050.0,0,?,0,?,2
?,C,A,0,0,?,S,2,0,?,?,G,?,?,?,?,?,?,?,?,?,?,?,?,?,?,?,?,?,?,?,SHEET,1200,0335.0,4170,?,0,?,3
ZS,C,A,0,0,?,S,5,0,N,?,E,?,?,?,?,?,?,?,?,?,?,?,?,?,?,?,?,?,?,?,SHEET,1200,1250.0,4880,N,0,?,3
?,C,W,0,0,?,?,?,310,?,?,G,?,?,?,?,?,?,?,?,?,?,?,?,?,?,?,?,?,?,?,COIL,2500,1274.9,0,?,600,?,3
?,C,R,0,0,?,S,2,0,?,?,E,?,?,?,?,?,?,?,?,?,?,?,?,?,?,?,?,?,?,?,COIL,700,0610.0,0,?,0,?,3
?,C,V,0,0,?,S,2,0,?,?,?,2,?,?,?,?,?,?,?,?,?,?,?,?,?,?,?,?,?,?,SHEET,800,1320.0,1,?,0,?,2
?,C,A,0,85,T,?,?,0,?,?,G,?,?,?,?,?,?,?,?,?,?,?,?,?,?,?,?,?,?,?,COIL,3200,0609.9,0,?,0,?,U
TN,C,A,0,0,?,?,3,0,N,?,?,?,?,?,?,?,?,?,?,?,?,?,?,Y,?,?,?,?,?,?,COIL,1600,0050.0,0,?,0,?,5
?,C,A,0,0,?,S,2,0,?,?,E,?,?,Y,?,?,?,?,?,?,?,?,?,?,?,?,?,?,?,?,SHEET,699,0610.0,4880,Y,0,?,3
?,C,A,0,0,?,S,2,0,?,?,E,?,?,Y,?,B,Y,?,?,?,?,?,?,?,?,?,?,?,?,?,SHEET,1599,1300.0,4880,?,0,?,3
?,C,A,0,0,?,S,2,0,?,?,E,?,?,Y,?,?,?,?,?,?,?,?,?,?,?,?,?,?,?,?,SHEET,700,0610.0,4880,?,0,?,3
?,C,A,0,0,?,S,3,0,N,?,E,?,?,?,?,?,?,?,?,?,?,?,?,?,?,?,Y,?,?,?,COIL,600,1320.0,0,?,0,?,3
?,C,?,0,0,?,A,2,0,?,?,G,?,?,?,?,?,?,?,?,?,?,?,?,?,?,?,?,?,?,?,SHEET,301,0610.0,4880,Y,0,?,3
?,C,A,0,0,?,S,2,0,?,?,F,?,?,Y,?,B,Y,?,?,?,?,?,?,?,?,?,?,?,?,?,SHEET,600,1220.0,762,?,0,?,3
ZS,C,R,0,0,?,?,?,300,?,?,?,?,?,?,?,?,?,?,?,?,?,?,Y,?,?,?,?,?,?,?,COIL,800,0915.1,0,?,0,?,1
?,C,A,0,85,T,?,?,0,?,?,G,?,?,?,?,M,?,?,?,?,?,?,?,?,?,?,?,?,?,?,COIL,4000,1000.0,0,?,600,?,U
?,C,K,65,0,?,?,?,0,?,?,?,?,?,?,Y,M,?,?,?,?,?,?,?,?,?,?,?,?,?,?,COIL,1500,0640.0,0,?,0,?,3
TN,C,A,0,0,?,?,3,0,N,?,?,?,?,?,?,?,?,?,C,?,?,?,?,?,?,?,?,?,?,?,SHEET,1200,0335.0,612,?,0,?,5
?,C,A,0,0,?,S,2,0,?,?,F,?,?,Y,?,?,Y,?,?,?,?,?,?,?,?,?,?,?,?,?,SHEET,600,0520.0,4880,?,0,?,3
?,C,A,0,0,?,S,2,0,?,?,E,?,?,Y,?,?,?,?,?,?,?,?,?,?,?,?,?,?,?,?,COIL,1600,1320.0,0,?,0,?,3
?,C,R,0,0,?,S,2,0,?,?,E,?,?,?,?,?,?,?,?,?,?,?,?,?,?,?,Y,?,?,?,COIL,3200,1320.0,0,?,0,?,3
?,C,A,0,0,?,S,2,0,?,?,G,?,?,?,?,?,?,?,?,?,?,?,?,?,?,?,?,?,?,?,COIL,400,0020.0,0,?,0,?,3
?,C,A,0,0,?,S,2,0,?,?,E,?,?,Y,?,?,?,?,?,?,?,?,?,?,?,?,?,?,?,?,SHEET,300,0610.0,4880,Y,0,?,3
?,C,A,0,0,?,S,2,0,?,?,F,?,?,Y,?,B,?,?,?,?,?,?,?,?,?,?,?,?,?,?,SHEET,600,0610.0,4880,?,0,?,3
?,C,A,0,0,?,S,2,0,?,?,F,?,?,Y,?,?,Y,?,?,?,?,?,?,?,?,?,?,?,?,?,SHEET,699,0520.0,4880,?,0,?,3
?,C,A,0,45,?,S,?,0,?,?,D,?,?,?,?,B,Y,?,?,?,?,?,?,?,?,?,?,?,?,?,SHEET,300,0610.0,762,?,0,?,3
?,C,R,0,0,?,S,2,0,?,?,E,?,?,Y,?,?,?,?,?,?,?,?,?,?,?,?,?,?,?,?,COIL,699,0610.0,0,?,0,3,3
?,C,R,0,0,?,S,2,0,?,?,E,?,?,?,?,?,?,?,?,?,?,?,?,?,?,?,?,?,?,?,SHEET,3200,0610.0,762,?,0,?,3
ZS,C,A,0,50,T,?,?,0,?,?,E,?,?,?,?,?,?,?,?,?,?,?,?,?,?,?,?,?,?,?,COIL,600,1250.0,0,?,0,?,3
?,C,A,0,0,?,S,2,0,?,?,E,?,?,Y,?,?,?,?,?,?,?,?,?,?,?,?,?,?,?,?,COIL,1600,1320.0,0,?,0,?,3
?,C,A,0,0,?,S,2,0,?,?,E,?,?,?,?,?,?,?,?,?,?,?,?,?,?,?,?,?,?,?,SHEET,300,1320.0,762,Y,0,?,3
?,C,R,0,0,?,S,2,0,?,?,E,?,?,?,?,?,?,?,?,?,?,?,?,?,?,?,?,?,?,?,SHEET,699,0610.0,762,N,0,?,3
?,C,R,0,0,?,S,2,0,?,?,E,?,?,?,?,?,?,?,?,?,?,?,?,?,?,?,?,?,?,?,COIL,901,0966.1,0,?,0,?,3
?,C,R,0,0,?,S,2,0,?,?,E,?,?,?,?,B,Y,?,?,?,?,?,?,?,?,?,?,?,?,?,SHEET,300,0595.0,4880,?,0,?,3
?,C,A,0,0,?,S,2,0,?,?,F,?,?,Y,?,B,Y,?,?,?,?,?,?,?,?,?,?,?,?,?,SHEET,600,1220.0,4880,?,0,?,3
?,C,A,0,0,?,S,2,0,?,?,F,?,?,Y,?,?,Y,?,?,?,?,?,?,?,?,?,?,?,?,?,SHEET,699,0609.9,4880,?,0,?,3
?,C,S,70,0,?,?,?,0,?,?,?,?,?,?,?,M,?,?,?,?,?,?,?,?,?,?,?,?,?,?,SHEET,2000,1000.0,4880,?,0,?,3
?,C,A,0,0,?,S,3,0,N,?,E,?,?,?,?,?,?,?,?,?,?,?,?,?,?,?,?,?,?,?,SHEET,1000,0610.0,4880,?,0,?,3
?,C,?,0,0,?,S,1,0,?,?,G,?,?,?,?,?,?,?,?,?,?,?,?,?,?,?,?,?,?,?,COIL,3200,0060.0,0,?,0,?,3
?,C,K,55,0,?,?,?,0,?,?,?,?,?,?,?,?,?,?,?,?,?,?,?,?,?,?,?,?,?,?,COIL,1000,0900.0,0,?,0,?,3
?,C,A,0,45,?,S,?,0,?,?,D,?,?,?,?,?,?,?,?,?,?,?,?,?,?,?,?,?,?,?,COIL,700,1320.0,0,?,0,?,3
?,C,R,0,0,?,S,2,0,?,?,E,?,?,Y,?,?,?,?,?,?,?,?,?,?,?,?,?,?,?,?,COIL,1600,1320.0,0,?,0,3,3
?,C,A,0,45,?,S,?,0,?,?,D,?,?,?,?,?,?,?,?,?,?,?,?,?,?,?,?,?,?,?,SHEET,1600,0610.0,762,?,0,?,3
?,C,K,55,0,?,?,?,0,?,?,?,?,?,?,?,M,?,?,?,?,?,?,?,?,?,?,Y,?,?,?,COIL,2300,0900.0,0,?,500,?,3
?,C,R,0,0,?,S,2,0,?,?,?,?,?,?,Y,?,?,?,?,?,?,?,?,?,?,?,?,?,?,?,SHEET,800,1300.0,762,?,0,?,2
?,C,?,0,0,?,A,2,0,?,?,G,?,?,?,?,?,?,?,?,?,?,?,?,?,?,?,?,?,?,?,SHEET,301,1320.0,4880,Y,0,?,3
?,C,A,0,50,T,?,?,0,?,?,G,?,?,?,Y,?,?,?,?,?,?,?,?,?,?,?,?,?,?,?,COIL,601,0610.0,0,?,0,?,3
?,C,R,0,0,?,S,2,0,?,?,E,?,?,?,?,?,?,?,?,?,?,?,?,?,?,?,?,?,?,?,SHEET,3200,1320.0,762,?,0,?,3
?,C,M,0,0,?,?,?,600,?,?,G,?,?,?,Y,?,?,?,?,?,?,?,?,?,?,?,?,?,?,?,COIL,1300,1090.0,0,?,0,?,2
?,C,A,0,0,?,S,2,0,?,?,F,?,?,?,?,?,?,?,?,?,?,?,?,?,?,?,?,?,?,?,SHEET,699,0520.0,4880,?,0,?,3
?,C,M,0,0,?,?,?,600,?,?,G,?,?,?,Y,?,?,?,?,?,?,?,?,?,?,?,?,?,?,?,SHEET,900,0610.0,1220,?,0,?,2
?,C,R,0,0,?,S,2,0,?,?,E,?,?,?,Y,?,?,?,?,?,?,?,?,?,?,?,?,?,?,?,SHEET,3200,1300.0,762,?,0,?,3
?,C,M,0,0,?,?,?,350,?,?,G,?,?,?,?,?,?,?,?,?,?,?,?,?,?,?,?,?,?,?,COIL,1399,0609.9,0,?,0,?,3
?,C,R,0,0,?,S,3,0,?,?,?,?,?,?,?,?,?,?,?,?,?,?,?,?,?,?,?,?,?,?,SHEET,1599,0610.0,761,?,0,?,2
?,C,A,0,0,?,S,2,0,?,?,E,?,?,?,?,?,?,?,?,?,?,?,?,?,?,?,?,?,?,?,COIL,699,0610.0,0,N,0,?,3
?,C,R,0,0,?,S,2,0,?,?,E,?,?,?,?,?,?,?,?,?,?,?,?,?,?,?,?,?,?,?,COIL,700,1220.0,0,?,0,?,3
?,C,R,0,0,?,S,2,0,?,?,E,?,?,?,Y,?,?,?,?,?,?,?,?,?,?,?,?,?,?,?,COIL,699,1320.0,0,?,0,?,3
?,C,A,0,45,?,S,?,0,?,?,D,?,?,?,?,?,?,?,?,?,?,?,?,?,?,?,?,?,?,?,SHEET,599,0610.0,761,?,0,?,3
?,C,A,0,0,?,S,2,0,?,?,F,?,?,Y,?,?,?,?,?,?,?,?,?,?,?,?,?,?,?,?,SHEET,699,0610.0,400,?,0,?,3
?,C,A,0,45,?,S,?,0,?,?,D,?,?,?,?,?,?,?,?,?,?,?,?,?,?,?,?,?,?,?,SHEET,1600,1320.0,612,?,0,?,3
TN,C,?,0,0,?,A,1,0,?,?,?,?,?,?,?,?,?,?,C,?,?,?,?,?,?,?,?,?,?,?,SHEET,500,0609.9,612,?,0,?,5
?,C,A,0,45,?,S,?,0,?,?,D,?,?,?,?,B,?,?,?,?,?,?,?,?,?,?,?,?,?,?,COIL,301,1320.0,0,?,0,?,3
?,C,K,65,0,?,?,?,0,?,?,?,?,?,?,?,M,?,?,?,?,?,?,?,?,?,?,?,?,?,?,COIL,3200,0640.0,0,?,500,?,3
?,C,A,0,0,?,S,3,0,N,?,F,?,?,?,?,B,Y,?,?,?,Y,?,?,?,?,?,?,?,?,?,SHEET,600,0610.0,762,?,0,?,3
TN,C,A,0,0,?,?,3,0,N,?,?,?,?,?,?,?,?,?,?,?,?,?,?,Y,?,?,?,?,?,?,COIL,600,0249.9,0,?,0,?,5
?,C,R,0,0,?,S,2,0,?,?,E,?,?,?,?,?,?,?,?,?,?,?,?,?,?,?,?,?,?,?,COIL,700,0610.0,0,?,0,?,3
?,C,R,0,0,?,S,2,0,?,?,E,?,?,Y,?,?,Y,?,?,?,?,?,?,?,?,?,?,?,?,?,SHEET,3200,1300.0,762,?,0,?,3
?,C,A,0,0,?,S,2,0,?,?,E,?,?,?,?,?,Y,?,?,?,?,?,?,?,?,?,?,?,?,?,SHEET,1599,1320.0,762,?,0,?,3
?,C,A,0,0,?,S,2,0,?,?,E,?,?,Y,?,?,?,?,?,?,?,?,?,?,?,?,?,?,?,?,COIL,800,0609.9,0,?,0,?,3
?,C,A,0,60,T,?,?,0,N,?,G,?,?,?,?,?,?,?,?,?,?,?,?,?,?,?,?,?,?,?,COIL,1900,1135.0,0,?,600,?,3
?,C,V,0,0,?,S,2,0,?,?,?,1,?,?,?,?,?,?,?,?,?,?,?,?,?,?,?,?,?,?,COIL,699,0609.9,0,?,0,?,3
?,C,A,0,0,?,S,2,0,?,?,E,?,?,?,?,?,?,?,?,?,Y,?,?,?,?,?,?,?,?,?,COIL,699,0610.0,0,?,0,?,3
?,C,R,0,0,?,S,3,0,?,?,?,?,?,?,?,?,Y,?,?,?,?,?,?,?,?,?,?,?,?,?,SHEET,800,1320.0,762,?,0,?,2
?,C,R,0,0,?,S,2,0,?,?,E,?,?,?,?,?,?,?,?,?,?,?,?,?,?,?,?,?,?,?,COIL,901,0966.0,0,?,0,?,3
?,C,A,0,0,?,S,2,0,?,?,G,?,?,?,?,B,Y,?,?,?,?,?,?,?,?,?,?,?,?,?,SHEET,700,0610.0,762,?,0,?,3
ZS,C,A,0,0,?,S,5,0,N,?,E,?,?,?,?,?,?,?,?,?,?,?,?,?,?,?,?,?,?,?,COIL,800,0075.0,0,?,0,?,3
?,C,R,0,0,?,S,2,0,?,?,E,?,?,?,?,?,?,?,?,?,Y,?,?,?,?,?,?,?,?,?,SHEET,700,1320.0,762,?,0,?,3
ZS,C,A,0,50,T,?,?,0,?,?,E,?,?,Y,?,?,?,?,?,?,?,?,?,?,?,?,?,?,?,?,SHEET,601,1250.0,762,?,0,?,3
?,C,A,0,60,T,?,?,0,?,?,G,?,?,?,?,?,?,?,?,?,?,?,?,?,?,?,?,?,?,?,COIL,799,0609.0,0,?,0,?,3
?,C,R,6,0,T,?,?,0,?,?,?,?,?,Y,?,?,?,?,?,?,?,?,?,?,?,?,?,?,?,?,SHEET,1000,0610.0,4880,?,0,?,3
ZS,C,A,0,50,T,?,?,0,?,?,E,?,?,Y,?,?,?,?,?,?,Y,?,?,?,?,?,?,?,?,?,COIL,600,0020.0,0,?,0,?,3
?,C,K,45,0,?,?,?,0,?,?,?,?,?,?,?,?,?,?,?,?,?,?,?,?,?,?,Y,?,?,?,COIL,600,0900.0,0,?,0,?,3
?,C,R,6,0,T,?,?,0,?,?,?,?,?,?,?,?,?,?,?,?,?,?,?,?,?,?,?,?,?,?,SHEET,1000,0610.0,762,?,0,?,3
TN,C,?,0,0,?,A,1,0,?,?,?,?,?,?,?,?,?,?,?,?,?,?,?,Y,?,?,?,?,?,?,COIL,500,0250.0,0,?,0,?,5
TN,C,A,0,0,?,?,3,0,N,?,?,?,?,?,?,?,?,?,C,?,?,?,?,?,?,?,?,?,?,?,COIL,600,0050.0,0,?,0,?,5
?,C,W,0,0,?,?,?,310,?,?,G,?,?,Y,?,?,?,?,?,?,?,?,?,?,?,?,?,?,?,?,SHEET,2500,1274.9,762,?,0,?,3
?,C,A,0,60,T,?,?,0,?,?,G,?,?,?,?,B,Y,?,?,?,Y,?,?,?,?,?,?,?,?,?,SHEET,801,0255.1,270,?,0,?,3
?,C,R,0,0,?,S,2,0,?,?,?,?,?,?,?,?,?,?,?,?,?,?,?,?,?,?,?,?,?,?,SHEET,1600,1500.0,4170,?,0,?,2
?,C,R,0,0,?,S,2,0,?,?,?,?,?,?,?,B,?,?,?,?,?,?,?,?,?,?,?,?,?,?,SHEET,800,0610.0,4880,?,0,?,2
?,C,A,0,0,?,S,3,0,N,?,E,?,?,?,?,?,?,?,?,?,?,?,?,?,?,?,?,?,?,?,COIL,600,0020.0,0,?,0,?,3
?,C,A,0,0,?,S,2,0,?,?,G,?,?,?,?,?,?,?,?,?,?,?,?,?,?,?,Y,?,?,?,COIL,700,1320.0,0,?,0,?,3
TN,C,?,0,0,?,A,1,0,?,?,?,?,?,?,?,?,?,?,C,?,?,?,?,?,?,?,?,?,?,?,COIL,1600,0610.0,0,?,0,?,5
?,C,A,0,0,?,S,2,0,?,?,F,?,?,?,?,?,?,?,?,?,?,?,?,?,?,?,?,?,?,?,SHEET,700,1220.0,4880,?,0,?,3
?,C,A,0,85,T,?,?,0,?,?,G,?,?,?,?,?,?,?,?,?,?,?,?,?,?,?,?,?,?,?,SHEET,300,1220.0,762,?,0,?,U
?,C,A,0,0,?,S,2,0,?,?,G,?,?,?,?,?,?,?,?,?,?,?,?,?,?,?,Y,?,?,?,COIL,3200,0610.0,0,?,0,?,3
?,C,A,0,0,?,S,3,0,N,?,E,?,?,?,?,?,?,?,?,?,?,?,?,?,?,?,?,?,?,?,SHEET,601,0610.0,762,?,0,?,3
?,C,R,0,0,?,S,2,0,?,?,E,?,?,?,?,?,?,?,?,?,Y,?,?,?,?,?,?,?,?,?,COIL,321,0610.0,0,?,0,?,3
?,C,A,0,0,?,S,3,0,N,?,E,?,?,?,?,?,?,?,?,?,Y,?,?,?,?,?,?,?,?,?,COIL,601,1220.0,0,?,0,?,3
?,C,R,0,0,?,S,2,0,?,?,E,?,?,Y,?,?,?,?,?,?,?,?,?,?,?,?,?,?,?,?,COIL,699,0610.0,0,?,0,?,3
?,C,R,0,0,?,S,2,0,?,?,E,?,?,Y,?,?,?,?,?,?,?,?,?,?,?,?,?,?,?,?,SHEET,3200,0150.0,4880,?,0,?,3
?,C,A,0,0,?,S,2,0,?,?,F,?,?,?,?,?,?,?,?,?,?,?,?,?,?,?,?,?,?,?,SHEET,700,1220.0,762,?,0,?,3
TN,C,?,0,0,?,A,1,0,?,?,?,?,?,?,?,?,?,?,C,?,?,?,?,?,?,?,?,?,?,?,COIL,600,0250.0,0,?,0,?,5
?,C,A,0,85,T,?,?,0,?,?,G,?,?,?,?,?,?,?,?,?,?,?,?,?,?,?,?,?,?,?,COIL,3200,1220.0,0,Y,0,?,U
?,C,R,0,0,?,S,2,0,?,?,?,?,?,Y,?,?,?,?,?,?,?,?,?,?,?,?,?,?,?,?,SHEET,800,1320.0,762,?,0,?,2
?,C,S,0,0,?,?,?,400,?,?,?,?,?,?,?,?,?,?,?,?,?,?,?,?,?,?,?,?,?,?,COIL,800,0609.9,0,?,0,?,1
?,C,A,0,0,?,S,3,0,N,?,F,?,?,?,?,B,Y,?,?,?,Y,?,?,?,?,?,?,?,?,?,SHEET,1200,0610.0,4170,?,0,?,3
?,C,A,0,0,?,S,2,0,?,?,F,?,?,Y,?,B,Y,?,?,?,?,?,?,?,?,?,?,?,?,?,SHEET,699,1320.0,761,?,0,?,3
?,C,R,0,0,?,S,3,0,?,?,?,?,?,?,?,B,Y,?,?,?,?,?,?,?,?,?,?,?,?,?,SHEET,800,1320.0,4880,?,0,?,2
?,C,R,0,0,?,S,2,0,?,?,E,?,?,Y,?,?,?,?,?,?,?,?,?,?,?,?,?,?,?,?,SHEET,3200,0150.0,762,?,0,?,3
?,C,M,0,0,?,?,?,600,?,?,G,?,?,?,?,?,?,?,?,?,?,?,?,?,?,?,?,?,?,?,SHEET,1299,1050.0,1220,?,0,?,2
?,C,R,0,0,?,S,2,0,?,?,E,?,?,Y,?,?,Y,?,?,?,?,?,?,?,?,?,?,?,?,?,SHEET,3200,1300.0,4880,?,0,?,3
?,C,R,0,0,?,S,3,0,?,?,E,?,?,?,?,?,?,?,?,?,?,?,?,?,?,?,?,?,?,?,SHEET,600,0375.0,4880,?,0,?,3
?,C,A,0,0,?,S,2,0,?,?,G,?,?,Y,?,B,Y,?,?,?,?,?,?,?,?,?,?,?,?,?,SHEET,700,0610.0,762,?,0,?,3
?,C,R,6,0,T,?,?,0,?,?,?,?,?,Y,?,?,?,?,?,?,?,?,?,?,?,?,?,?,?,?,COIL,1200,1220.0,0,?,0,?,3
?,C,S,0,0,?,?,?,400,?,?,?,?,?,?,?,?,?,?,?,?,?,?,?,?,?,?,?,?,?,?,COIL,1000,0075.0,0,?,0,?,1
?,C,R,6,0,T,?,?,0,?,?,?,?,?,Y,?,?,?,?,?,?,?,?,?,?,?,?,?,?,?,?,SHEET,1000,1320.0,762,?,0,?,3
?,C,A,0,70,T,?,?,0,?,?,G,?,?,?,?,?,?,?,?,?,?,?,?,?,?,?,?,?,?,?,COIL,2500,0610.0,0,?,600,?,3
?,C,R,0,0,?,S,2,0,?,?,?,?,?,?,?,?,?,?,?,?,?,?,?,?,?,?,?,?,?,?,SHEET,800,0610.0,4880,?,0,?,2
?,C,R,0,0,?,S,3,0,?,?,E,?,?,?,?,?,?,?,?,?,?,?,?,?,?,?,?,?,?,?,SHEET,600,0520.0,762,?,0,?,3
?,C,?,0,70,T,?,?,0,?,?,G,?,?,?,?,?,?,?,?,?,?,?,?,?,?,?,Y,?,?,?,COIL,800,0050.0,0,?,0,?,3
?,C,A,0,0,?,S,2,0,?,?,E,?,?,?,?,?,?,?,?,?,?,?,?,?,?,?,?,?,?,?,SHEET,300,1320.0,4880,Y,0,?,3
?,C,A,0,0,?,S,2,0,?,?,G,?,?,?,Y,?,?,?,?,?,?,?,?,?,?,?,?,?,?,?,COIL,700,0610.0,0,?,0,?,3
?,C,?,0,0,?,?,?,500,?,P,?,?,?,?,?,?,?,?,?,?,?,?,?,?,?,?,?,?,?,?,SHEET,2000,0610.0,762,?,0,?,2
TN,C,?,0,0,?,A,1,0,?,?,?,?,?,?,?,?,?,?,?,?,?,?,?,Y,?,?,?,?,?,?,SHEET,500,0609.9,3000,?,0,?,5
?,C,?,0,0,?,S,1,0,?,?,G,?,?,?,?,?,?,?,?,?,?,?,?,?,?,?,?,?,?,?,COIL,700,0610.0,0,?,0,?,3
?,C,R,0,0,?,S,2,0,?,?,E,?,?,?,?,?,?,?,?,?,?,?,?,?,?,?,Y,?,?,?,SHEET,1000,0610.0,4880,?,0,?,3
?,C,R,0,0,?,S,2,0,?,?,E,?,?,Y,?,?,?,?,?,?,?,?,?,?,?,?,?,?,?,?,COIL,1601,1320.0,0,?,0,?,3
?,C,R,0,0,?,S,2,0,?,?,E,?,?,?,?,?,?,?,?,?,Y,?,?,?,?,?,?,?,?,?,SHEET,301,0610.0,762,?,0,?,3
?,C,R,0,0,?,S,2,0,?,?,?,?,?,?,?,?,?,?,?,?,?,?,?,?,?,?,?,?,?,?,SHEET,1200,0609.9,612,?,0,?,2
?,C,R,0,0,?,S,2,0,?,?,?,?,?,?,?,?,Y,?,?,?,?,?,?,?,?,?,?,?,?,?,SHEET,800,1500.0,4170,?,0,?,2
?,C,A,0,45,?,S,?,0,?,?,D,?,?,?,?,B,?,?,?,?,?,?,?,?,?,?,?,?,?,?,SHEET,700,1300.0,762,?,0,?,3
?,C,R,0,0,?,S,2,0,?,?,E,?,?,?,?,?,?,?,?,?,?,?,?,?,?,?,Y,?,?,?,COIL,1201,0050.0,0,?,0,?,3
?,C,A,0,0,?,S,3,0,N,?,F,?,?,?,?,?,?,?,?,?,?,?,?,?,?,?,?,?,?,?,SHEET,750,0610.0,4880,?,0,?,3
?,C,R,0,0,?,S,2,0,?,?,E,?,?,?,?,?,?,?,?,?,?,?,?,?,?,?,?,?,?,?,SHEET,700,0374.9,762,?,0,?,3
?,C,R,0,0,?,?,?,500,?,?,?,?,?,?,?,?,?,?,?,?,?,?,?,?,?,?,?,?,?,?,COIL,1600,0609.9,0,?,0,?,3
?,C,R,0,0,?,S,2,0,?,?,?,?,?,?,?,B,Y,?,?,?,?,?,?,?,?,?,?,?,?,?,SHEET,800,0610.0,4880,?,0,?,2
?,C,K,65,0,?,?,?,0,?,?,?,?,?,?,?,?,?,?,?,?,?,?,?,?,?,?,?,?,?,?,COIL,1090,0900.0,0,?,0,?,3
?,C,R,0,0,?,S,2,0,?,?,E,?,?,?,?,B,?,?,?,?,?,?,?,?,?,?,?,?,?,?,COIL,699,1320.0,0,?,0,?,3
?,C,R,0,0,?,S,2,0,?,?,E,?,?,Y,?,?,?,?,?,?,?,?,?,?,?,?,?,?,?,?,SHEET,700,0150.0,762,?,0,?,3
?,C,K,55,0,?,?,?,0,?,?,?,?,?,?,Y,M,?,?,?,?,?,?,?,?,?,?,Y,?,?,?,COIL,2200,0900.0,0,?,0,?,3
?,C,V,0,0,?,S,2,0,?,?,?,1,?,?,?,?,?,?,?,?,?,?,?,?,?,?,?,?,?,?,SHEET,700,0610.0,4880,?,0,?,3
?,C,A,4,0,T,?,?,0,?,?,G,?,?,?,?,?,?,?,?,?,?,?,?,?,?,?,?,?,?,?,COIL,1000,0025.0,0,?,0,?,3
?,C,R,0,0,?,S,2,0,?,?,E,?,?,?,?,B,?,?,?,?,?,?,?,?,?,?,?,?,?,?,COIL,699,0610.0,0,?,0,?,3
?,C,A,0,0,?,S,2,0,?,?,E,?,?,?,?,?,?,?,?,?,Y,?,?,?,?,?,?,?,?,?,COIL,700,0610.0,0,?,0,3,3
?,C,R,0,0,?,S,2,0,?,?,?,?,?,?,?,?,Y,?,?,?,?,?,?,?,?,?,?,?,?,?,SHEET,1599,1320.0,4880,?,0,?,2
?,C,V,0,0,?,S,2,0,?,?,?,1,?,?,?,?,?,?,?,?,?,?,?,?,?,?,?,?,?,?,SHEET,700,1320.0,762,?,0,?,3
?,C,R,0,0,?,S,2,0,?,?,E,?,?,?,?,?,?,?,?,?,?,?,?,?,?,?,?,?,?,?,SHEET,3200,1320.0,4880,?,0,?,3
?,C,R,0,0,?,S,2,0,?,?,E,?,?,?,?,?,?,?,?,?,?,?,?,?,?,?,?,?,?,?,SHEET,699,1320.0,762,N,0,?,3
?,C,A,0,50,T,?,?,0,?,?,G,?,?,?,?,?,?,?,?,?,?,?,?,?,?,?,?,?,?,?,COIL,601,0610.0,0,?,0,?,3
TN,C,A,0,0,?,?,3,0,N,?,?,?,?,?,?,?,?,?,C,?,?,?,?,?,?,?,?,?,?,?,SHEET,600,0610.0,761,?,0,?,5
?,C,R,0,0,?,S,2,0,?,?,E,?,?,Y,?,?,?,?,?,?,?,?,?,?,?,?,?,?,?,?,COIL,3200,0610.0,0,?,0,?,3
?,C,K,65,0,?,?,?,0,?,?,?,?,?,?,Y,M,?,?,?,?,?,?,?,?,?,?,?,?,?,?,COIL,2300,0900.0,0,?,600,?,3
?,C,A,0,0,?,S,2,0,?,?,F,?,?,Y,?,?,?,?,?,?,?,?,?,?,?,?,?,?,?,?,SHEET,600,0300.1,4880,?,0,?,3
?,C,A,0,0,?,S,2,0,?,?,F,?,?,Y,?,B,Y,?,?,?,?,?,?,?,?,?,?,?,?,?,SHEET,699,0300.1,4880,?,0,?,3
?,C,R,0,0,?,S,2,0,?,?,E,?,?,?,?,M,?,?,?,?,?,?,?,?,?,?,?,?,?,?,COIL,4000,0610.0,0,?,600,?,3
?,C,R,0,0,?,S,2,0,?,?,E,?,?,Y,?,B,Y,?,?,?,?,?,?,?,?,?,?,?,?,?,SHEET,1599,0610.0,762,?,0,?,3
ZS,C,A,0,85,T,?,?,0,?,?,E,?,?,?,Y,?,?,?,?,?,?,?,?,?,?,?,?,?,?,?,SHEET,400,1220.0,762,?,0,?,U
?,C,M,0,0,?,?,?,350,?,?,G,?,?,?,?,?,?,?,?,?,?,?,?,?,?,?,?,?,?,?,COIL,1601,0609.9,0,?,0,?,3
?,C,A,0,45,?,S,?,0,?,?,D,?,?,?,?,B,Y,?,?,?,?,?,?,?,?,?,?,?,?,?,SHEET,400,1220.0,300,?,0,?,3
ZS,C,R,0,0,?,S,3,0,?,?,E,?,?,?,?,?,?,?,?,?,?,?,?,?,?,?,?,?,?,?,COIL,1600,1220.0,0,?,0,3,3
?,C,R,0,0,?,S,2,0,?,?,E,?,?,?,?,B,Y,?,?,?,?,?,?,?,?,?,?,?,?,?,SHEET,700,1300.0,762,?,0,?,3
?,C,A,0,85,T,?,?,0,?,?,G,?,?,?,?,?,?,?,?,?,?,?,?,?,?,?,?,?,?,?,SHEET,300,1220.0,4880,?,0,?,U
TN,C,A,0,0,?,?,3,0,N,?,?,?,?,?,?,?,?,?,C,?,?,?,?,?,?,?,?,?,?,?,SHEET,1600,1220.0,761,?,0,?,5
?,C,A,0,0,?,S,2,0,?,?,G,?,?,Y,?,B,?,?,?,?,?,?,?,?,?,?,?,?,?,?,COIL,400,0610.0,0,?,0,?,3
?,C,A,0,45,?,S,?,0,?,?,D,?,?,?,?,B,?,?,?,?,?,?,?,?,?,?,?,?,?,?,SHEET,300,0610.0,762,?,0,?,3
?,C,R,6,0,T,?,?,0,?,?,?,?,?,?,?,?,?,?,?,?,?,?,?,?,?,?,?,?,?,?,COIL,1000,0610.0,0,?,0,?,3
?,C,A,0,0,?,S,2,0,?,?,G,?,?,?,?,B,?,?,?,?,?,?,?,?,?,?,?,?,?,?,SHEET,700,0610.0,4880,?,0,?,3
?,C,S,0,0,?,?,?,400,?,?,?,?,?,?,?,?,?,?,?,?,?,?,?,?,?,?,?,?,?,?,COIL,800,0075.0,0,?,0,?,1
?,C,A,0,0,?,S,3,0,N,?,E,?,?,?,Y,?,?,?,?,?,?,?,?,?,?,?,?,?,?,?,COIL,2500,1320.0,0,?,0,?,3
ZS,C,A,0,50,T,?,?,0,?,?,E,?,?,Y,?,?,?,?,?,?,?,?,?,?,?,?,?,?,?,?,SHEET,1600,1250.0,4880,?,0,?,3
?,C,A,0,0,?,S,2,0,?,?,E,?,?,?,?,?,?,?,?,?,?,?,?,?,?,?,?,?,?,?,COIL,700,0610.0,0,?,0,?,3
?,C,?,0,50,T,?,?,0,?,?,G,?,?,?,Y,?,?,?,?,?,?,?,?,?,?,?,?,?,?,?,COIL,601,1320.0,0,?,0,?,3
?,C,A,0,0,?,S,2,0,?,?,E,?,?,?,?,?,?,?,?,?,?,?,?,?,?,?,?,?,?,?,SHEET,700,1320.1,762,?,0,?,3
?,C,R,0,0,?,S,2,0,?,?,E,?,?,?,?,M,?,?,?,?,?,?,?,?,?,?,?,?,?,?,COIL,3201,0385.1,0,?,0,?,3
?,C,R,0,0,?,S,2,0,?,?,E,?,?,Y,?,?,?,?,?,?,?,?,?,?,?,?,?,?,?,?,SHEET,1600,0500.0,4880,?,0,?,3
?,C,?,0,0,?,A,2,0,?,?,G,?,?,?,?,?,?,?,?,?,?,?,?,?,?,?,?,?,?,?,SHEET,700,1320.0,4880,?,0,?,3
?,C,A,0,0,?,S,2,0,?,?,G,?,?,?,?,?,?,?,?,?,?,?,?,?,?,?,?,?,?,?,COIL,4000,0500.0,0,?,0,?,3
?,C,A,0,0,?,S,2,0,?,?,G,?,?,?,?,?,?,?,?,?,Y,?,?,?,?,?,?,?,?,?,COIL,400,0609.9,0,?,0,?,3
?,C,R,0,0,?,S,3,0,?,?,?,?,?,?,?,?,?,?,?,?,?,?,?,?,?,?,?,?,?,?,SHEET,1600,0610.0,4170,?,0,?,2
TN,C,?,0,0,?,A,1,0,?,?,?,?,?,?,?,?,?,?,?,?,?,?,?,Y,?,?,?,?,?,?,SHEET,1600,0610.0,762,?,0,?,5
?,C,A,0,45,?,S,?,0,?,?,D,?,?,?,?,B,Y,?,?,?,?,?,?,?,?,?,?,?,?,?,SHEET,1600,1300.0,4880,?,0,?,3
?,C,R,0,0,?,S,2,0,?,?,E,?,?,?,?,?,?,?,?,?,?,?,?,?,?,?,Y,?,?,?,COIL,3200,0050.0,0,?,0,?,3
?,C,A,0,80,T,?,?,0,?,?,G,?,?,?,?,?,?,?,?,?,Y,?,?,?,?,?,?,?,?,?,COIL,500,0029.0,0,?,0,?,3
?,C,?,0,0,?,S,1,0,?,?,G,?,?,?,?,B,Y,?,?,?,?,?,?,?,?,?,?,?,?,?,SHEET,300,0595.0,762,?,0,?,3
ZS,C,A,0,85,T,?,?,0,?,?,E,?,?,?,Y,?,?,?,?,?,Y,?,?,?,?,?,?,?,?,?,SHEET,1200,1200.0,611,?,0,?,U
?,C,A,0,60,T,?,?,0,?,?,G,?,?,?,?,M,?,?,?,?,?,?,?,?,?,?,?,?,?,?,COIL,2801,0355.0,0,?,0,?,3
?,C,A,0,85,T,?,?,0,?,?,G,?,?,?,?,M,?,?,?,?,?,?,?,?,?,?,?,?,?,?,COIL,4000,0610.0,0,?,500,?,U
?,C,A,0,0,?,S,2,0,?,?,F,?,?,Y,?,?,?,?,?,?,?,?,?,?,?,?,?,?,?,?,SHEET,699,0609.9,0,?,0,?,3
?,C,K,65,0,?,?,?,0,?,?,?,?,?,?,?,M,?,?,?,?,?,?,?,?,?,?,?,?,?,?,COIL,1500,0900.0,0,?,0,?,3
?,C,R,0,0,?,S,2,0,?,?,E,?,?,?,Y,M,?,?,?,?,?,?,?,?,?,?,?,?,?,?,COIL,4000,1000.0,0,?,600,?,3
ZS,C,R,0,0,?,?,?,300,?,?,?,?,?,?,?,?,?,?,?,?,?,?,Y,?,?,?,?,?,?,?,COIL,800,0915.0,0,?,0,?,1
?,C,A,0,0,?,S,2,0,?,?,E,?,?,?,Y,?,?,?,?,?,?,?,?,?,?,?,?,?,?,?,COIL,700,0610.0,0,?,0,?,3
?,C,A,0,85,T,?,?,0,?,?,G,?,?,?,?,M,?,?,?,?,?,?,?,?,?,?,Y,?,?,?,COIL,3201,0610.0,0,?,600,?,U
?,C,A,0,0,?,S,3,0,N,?,F,?,?,?,?,?,?,?,?,?,?,?,?,?,?,?,?,?,?,?,SHEET,1000,1320.0,762,?,0,?,3
?,C,R,0,0,?,S,2,0,?,?,E,?,?,?,?,B,?,?,?,?,?,?,?,?,?,?,?,?,?,?,COIL,400,1320.0,0,?,0,?,3
TN,C,A,0,0,?,?,3,0,N,?,?,?,?,?,?,?,?,?,?,?,?,?,?,Y,?,?,?,?,?,?,SHEET,1600,0610.0,762,?,0,?,5
?,C,A,0,0,?,S,3,0,N,?,E,?,?,?,?,?,?,?,?,?,?,?,?,?,?,?,Y,?,?,?,COIL,700,0610.0,0,?,0,?,3
ZS,C,A,0,85,T,?,?,0,?,?,E,?,?,?,Y,?,?,?,?,?,?,?,?,?,?,?,?,?,?,?,SHEET,400,1220.0,0,?,0,?,U
?,C,K,65,0,?,?,?,0,?,?,?,?,?,?,Y,M,?,?,?,?,?,?,?,?,?,?,?,?,?,?,COIL,3200,0900.0,0,?,500,?,3
TN,C,?,0,0,?,A,1,0,?,?,?,?,?,?,?,?,?,?,?,?,?,?,?,Y,?,?,?,?,?,?,SHEET,500,0609.9,612,?,0,?,5
?,C,R,0,0,?,S,2,0,?,?,?,?,?,?,?,?,Y,?,?,?,?,?,?,?,?,?,?,?,?,?,SHEET,1599,1500.0,612,?,0,?,2
?,C,R,0,0,?,S,2,0,?,?,?,?,?,?,?,?,Y,?,?,?,?,?,?,?,?,?,?,?,?,?,SHEET,800,1320.0,4880,?,0,?,2
?,C,A,0,0,?,S,3,0,N,?,G,?,?,?,?,?,?,?,?,?,?,?,?,?,?,?,?,?,?,?,COIL,2500,1320.0,0,?,0,?,3
?,C,A,0,0,?,S,3,0,N,?,E,?,?,?,?,?,?,?,?,?,Y,?,?,?,?,?,?,?,?,?,COIL,800,0900.1,0,?,0,?,3
?,C,R,0,0,?,S,2,0,?,?,E,?,?,?,?,M,?,?,?,?,?,?,?,?,?,?,?,?,?,?,COIL,4000,0385.1,0,?,0,?,3
?,C,?,0,0,?,S,1,0,?,?,G,?,?,?,?,B,Y,?,?,?,?,?,?,?,?,?,?,?,?,?,SHEET,699,1300.0,762,?,0,?,3
?,C,A,0,0,?,S,2,0,?,?,F,?,?,Y,?,B,Y,?,?,?,?,?,?,?,?,?,?,?,?,?,SHEET,600,0610.0,4880,?,0,?,3
?,C,A,0,0,?,S,3,0,N,?,E,?,?,?,?,B,Y,?,?,?,Y,?,?,?,?,?,?,?,?,?,SHEET,700,0375.0,612,?,0,?,3
?,C,?,0,0,?,S,1,0,?,?,G,?,?,?,?,?,?,?,?,?,Y,?,?,?,?,?,?,?,?,?,SHEET,400,0610.0,762,?,0,?,3
?,C,A,0,0,?,S,2,0,?,?,E,?,?,?,?,?,?,?,?,?,?,?,?,?,?,?,?,?,?,?,COIL,300,1320.0,0,?,0,?,3
?,C,R,0,0,?,S,2,0,?,?,E,?,?,?,?,?,?,?,?,?,?,?,?,?,?,?,?,?,?,?,COIL,3200,0610.0,0,?,0,3,3
?,C,A,0,85,T,?,?,0,?,?,G,?,?,?,?,?,?,?,?,?,?,?,?,?,?,?,?,?,?,?,COIL,1201,1220.0,0,Y,0,?,U
?,C,A,0,45,?,S,?,0,?,?,D,?,?,?,?,?,?,?,?,?,?,?,?,?,?,?,?,?,?,?,SHEET,700,1320.0,762,?,0,?,3
?,C,R,0,0,?,S,2,0,?,?,?,?,?,Y,?,?,?,?,?,?,?,?,?,?,?,?,?,?,?,?,COIL,800,0610.0,0,?,0,?,2
?,C,A,0,45,?,S,?,0,?,?,D,?,?,?,?,?,?,?,?,?,?,?,?,?,?,?,?,?,?,?,COIL,699,0610.0,0,N,0,?,3
?,C,M,0,0,?,?,?,350,?,?,G,?,?,?,?,?,?,?,?,?,?,?,?,?,?,?,?,?,?,?,COIL,1600,0609.9,0,?,0,?,3
?,C,K,65,0,?,?,?,0,?,?,?,?,?,?,?,?,?,?,?,?,?,?,?,?,?,?,?,?,?,?,COIL,1090,0610.0,0,?,0,?,3
?,C,A,0,45,?,S,?,0,?,?,D,?,?,?,?,B,?,?,?,?,?,?,?,?,?,?,?,?,?,?,SHEET,300,0610.0,4880,?,0,?,3
?,C,A,0,0,?,S,3,0,N,?,E,?,?,?,?,B,Y,?,?,?,Y,?,?,?,?,?,?,?,?,?,SHEET,1200,0609.9,612,?,0,?,3
?,C,K,65,0,?,?,?,0,?,?,?,?,?,?,?,?,?,?,?,?,?,?,?,?,?,?,Y,?,?,?,COIL,600,0900.0,0,?,0,?,3
?,C,R,0,0,?,S,2,0,?,?,?,?,?,?,?,?,?,?,?,?,?,?,?,?,?,?,?,?,?,?,SHEET,2000,1500.0,612,?,0,?,2
?,C,V,0,0,?,S,2,0,?,?,?,2,?,?,?,?,?,?,?,?,?,?,?,?,?,?,?,?,?,?,COIL,800,0020.0,0,?,0,?,2
?,C,K,45,0,?,?,?,0,?,?,?,?,?,?,?,?,?,?,?,?,?,?,?,?,?,?,?,?,?,?,COIL,600,0900.0,0,?,0,?,3
?,C,A,0,0,?,S,2,0,?,?,F,?,?,Y,?,B,Y,?,?,?,?,?,?,?,?,?,?,?,?,?,SHEET,999,1220.0,4880,?,0,?,3
?,C,R,0,0,?,S,2,0,?,?,E,?,?,?,?,?,Y,?,?,?,?,?,?,?,?,?,?,?,?,?,SHEET,1599,1320.0,4880,?,0,?,3
?,C,R,0,0,?,S,2,0,?,?,?,?,?,?,?,?,Y,?,?,?,?,?,?,?,?,?,?,?,?,?,SHEET,2000,0610.0,612,?,0,?,2
?,C,R,6,0,T,?,?,0,?,?,?,?,?,?,?,?,?,?,?,?,?,?,?,?,?,?,?,?,?,?,SHEET,600,0610.0,762,?,0,?,3
?,C,A,0,0,?,S,2,0,?,?,F,?,?,Y,?,?,Y,?,?,?,?,?,?,?,?,?,?,?,?,?,SHEET,600,0609.9,762,?,0,?,3
?,C,M,0,0,?,?,?,350,?,?,G,?,?,?,Y,?,?,?,?,?,?,?,?,?,?,?,?,?,?,?,COIL,900,0610.0,0,?,0,?,3
?,C,R,0,0,?,S,2,0,?,?,?,?,?,?,Y,?,?,?,?,?,?,?,?,?,?,?,?,?,?,?,SHEET,1599,0610.0,4880,?,0,?,2
ZS,C,A,0,50,T,?,?,0,?,?,E,?,?,?,?,?,?,?,?,?,?,?,?,?,?,?,?,?,?,?,COIL,400,1320.0,0,?,0,?,3
?,C,R,0,0,?,S,2,0,?,?,?,?,?,?,?,?,?,?,?,?,?,?,?,?,?,?,?,?,?,?,SHEET,1200,0335.0,612,?,0,?,2
?,C,S,0,0,?,?,?,700,?,?,?,?,?,?,?,?,?,?,?,?,?,?,?,?,?,?,?,?,?,?,COIL,1000,0609.9,0,?,0,?,1
?,C,M,0,0,?,?,?,600,?,?,G,?,?,?,?,?,?,?,?,?,?,?,?,?,?,?,?,?,?,?,SHEET,900,1050.0,1220,?,0,?,2
?,C,A,0,0,?,S,3,0,N,?,E,?,?,?,?,?,?,?,?,?,?,?,?,?,?,?,?,?,?,?,COIL,1201,0075.0,0,?,0,?,3
?,C,M,0,0,?,?,?,600,?,?,G,?,?,?,?,?,?,?,?,?,?,?,?,?,?,?,?,?,?,?,COIL,1300,1090.0,0,?,0,?,2
?,C,A,0,0,?,S,2,0,?,?,E,?,?,?,?,?,?,?,?,?,Y,?,?,?,?,?,?,?,?,?,COIL,700,0020.0,0,?,0,?,3
?,C,?,0,0,?,?,?,500,?,P,?,?,?,?,?,?,?,?,?,?,?,?,?,?,?,B,?,?,?,?,SHEET,2000,0609.9,301,?,0,?,2
?,C,A,0,85,T,?,?,0,?,?,G,?,?,?,?,?,?,?,?,?,?,?,?,?,?,?,?,?,?,?,COIL,1201,0610.0,0,Y,0,?,U
TN,C,?,0,0,?,A,1,0,?,?,?,?,?,?,?,?,?,?,?,?,?,?,?,Y,?,?,?,?,?,?,COIL,799,0249.9,0,?,0,?,5
?,C,A,0,0,?,S,2,0,?,?,E,?,?,?,?,?,Y,?,?,?,?,?,?,?,?,?,?,?,?,?,SHEET,300,0610.0,762,Y,0,?,3
?,C,A,0,45,?,S,?,0,?,?,D,?,?,?,?,?,?,?,?,?,?,?,?,?,?,?,?,?,?,?,SHEET,599,1320.0,761,?,0,?,3
?,C,W,0,0,?,?,?,310,?,?,G,?,?,Y,?,?,?,?,?,?,?,?,?,?,?,?,?,?,?,?,SHEET,1600,0610.0,762,?,0,?,3
?,C,A,0,0,?,S,2,0,?,?,E,?,?,?,Y,?,?,?,?,?,?,?,?,?,?,?,?,?,?,?,COIL,699,1320.0,0,?,0,?,3
?,C,K,55,0,?,?,?,0,?,?,?,?,?,?,?,?,?,?,?,?,?,?,?,?,?,?,?,?,?,?,COIL,1090,0610.0,0,?,0,?,3
?,C,K,65,0,?,?,?,0,?,?,?,?,?,?,?,?,?,?,?,?,?,?,?,?,?,?,?,?,?,?,COIL,800,0900.0,0,?,0,?,3
?,C,A,0,0,?,?,?,500,?,?,G,?,?,?,?,?,?,?,?,?,?,?,?,?,?,?,?,?,?,?,COIL,1600,1320.0,0,?,0,?,3
?,C,V,0,0,?,S,2,0,?,?,?,2,?,?,?,?,?,?,?,?,?,?,?,?,?,?,?,?,?,?,SHEET,1599,1320.0,762,?,0,?,2
?,C,A,0,0,?,S,2,0,?,?,E,?,?,Y,?,?,?,?,?,?,?,?,?,?,?,?,?,?,?,?,SHEET,3200,1320.0,4880,?,0,?,3
?,C,?,0,0,?,A,2,0,?,?,G,?,?,?,?,?,?,?,?,?,Y,?,?,?,?,?,?,?,?,?,COIL,301,0020.0,0,?,0,?,3
ZS,C,A,0,0,?,S,3,0,N,?,E,?,?,?,?,?,?,?,?,?,?,?,?,?,?,?,?,?,?,?,SHEET,700,0335.0,612,?,0,?,3
?,C,A,0,0,?,S,2,0,?,?,E,?,?,?,?,?,?,?,?,?,?,?,?,?,?,?,?,?,?,?,SHEET,699,1320.0,762,Y,0,?,3
?,C,A,0,45,?,S,?,0,?,?,D,?,?,?,?,B,Y,?,?,?,?,?,?,?,?,?,?,?,?,?,SHEET,699,1220.0,761,?,0,?,3
?,C,K,55,0,?,?,?,0,?,?,?,?,?,?,?,?,?,?,?,?,?,?,?,?,?,?,?,?,?,?,COIL,1090,0900.0,0,?,0,?,3
?,C,A,0,60,T,?,?,0,?,?,G,?,?,?,?,B,Y,?,?,?,Y,?,?,?,?,?,?,?,?,?,SHEET,801,0255.1,269,?,0,?,3
ZS,C,A,0,85,T,?,?,0,?,?,E,?,?,?,Y,?,?,?,?,?,Y,?,?,?,?,?,?,?,?,?,SHEET,1200,0600.0,150,?,0,?,U
?,C,A,0,0,?,S,2,0,?,?,G,?,?,?,?,?,?,?,?,?,?,?,?,?,?,?,?,?,?,?,SHEET,699,0610.0,762,N,0,?,3
?,C,R,0,0,?,S,3,0,?,?,?,?,?,?,?,?,?,?,?,?,?,?,?,?,?,?,?,?,?,?,SHEET,1600,0831.9,881,?,0,?,2
ZS,C,R,0,0,?,A,2,0,?,?,G,?,?,?,?,?,?,?,?,?,?,?,?,?,?,?,?,?,?,?,COIL,699,0020.0,0,?,0,?,3
?,C,A,0,0,?,S,2,0,?,?,E,?,?,?,?,?,?,?,?,?,Y,?,?,?,?,?,?,?,?,?,COIL,321,0610.0,0,?,0,?,3
?,C,W,0,0,?,?,?,310,?,?,G,?,?,?,?,?,?,?,?,?,?,?,?,?,?,?,?,?,?,?,SHEET,800,1275.0,4880,?,0,?,3
?,C,A,0,0,?,S,2,0,?,?,F,?,?,Y,?,?,Y,?,?,?,?,?,?,?,?,?,?,?,?,?,SHEET,699,1220.0,4880,?,0,?,3
?,C,R,0,0,?,S,2,0,?,?,E,?,?,?,?,B,Y,?,?,?,?,?,?,?,?,?,?,?,?,?,SHEET,699,0595.0,762,?,0,?,3
?,C,K,55,0,?,?,?,0,?,?,?,?,?,?,?,M,?,?,?,?,?,?,?,?,?,?,?,?,?,?,COIL,2200,0900.0,0,?,0,?,3
ZS,C,A,0,0,?,S,5,0,N,?,E,?,?,?,?,?,?,?,?,?,?,?,?,?,?,?,?,?,?,?,COIL,1201,0050.0,0,?,0,?,3
?,C,R,0,0,?,S,2,0,?,?,?,?,?,?,?,?,?,?,?,?,?,?,?,?,?,?,?,?,?,?,SHEET,1200,0335.0,3000,?,0,?,2
?,C,M,0,0,?,?,?,350,?,?,G,?,?,?,Y,M,?,?,?,?,?,?,?,?,?,?,?,?,?,?,COIL,1400,1310.0,0,?,0,?,3
?,C,R,0,0,?,S,2,0,?,?,?,?,?,?,Y,?,?,?,?,?,?,?,?,?,?,?,?,?,?,?,SHEET,800,0610.0,762,?,0,?,2
?,C,R,0,0,?,S,2,0,?,?,E,?,?,?,Y,M,?,?,?,?,?,?,?,?,?,?,?,?,?,?,COIL,4000,0610.0,0,?,600,?,3
TN,C,A,0,0,?,?,3,0,N,?,?,?,?,?,?,?,?,?,?,P,?,?,?,?,?,?,?,?,?,?,SHEET,500,0610.0,762,?,0,?,5
?,C,A,0,60,T,?,?,0,?,?,G,?,?,?,?,?,?,?,?,?,?,?,?,?,?,?,Y,?,?,?,COIL,2800,0610.0,0,?,600,?,3
?,C,A,0,0,?,S,2,0,?,?,G,?,?,?,?,B,?,?,?,?,?,?,?,?,?,?,?,?,?,?,COIL,799,1300.0,0,?,0,?,3
?,C,R,0,0,?,S,2,0,?,?,?,?,?,?,?,?,?,?,?,?,?,?,?,?,?,?,?,?,?,?,SHEET,1600,1500.0,612,?,0,?,2
?,C,R,0,0,?,S,2,0,?,?,E,?,?,?,?,?,?,?,?,?,Y,?,?,?,?,?,?,?,?,?,SHEET,1200,0609.9,4170,?,0,?,3
?,C,A,0,0,?,S,2,0,?,?,E,?,?,?,?,?,?,?,?,?,?,?,?,?,?,?,Y,?,?,?,COIL,3201,0152.0,0,?,0,?,3
?,C,A,0,0,?,S,3,0,N,?,E,?,?,?,?,?,?,?,?,?,?,?,?,?,?,?,?,?,?,?,SHEET,601,1320.0,4880,?,0,?,3
?,C,A,0,0,?,S,2,0,?,?,G,?,?,?,?,?,?,?,?,?,?,?,?,?,?,?,?,?,?,?,SHEET,400,1320.0,4880,N,0,?,3
?,C,R,0,0,?,S,2,0,?,?,E,?,?,?,?,?,Y,?,?,?,?,?,?,?,?,?,?,?,?,?,SHEET,700,0610.0,762,?,0,?,3
?,C,A,0,0,?,S,3,0,N,?,E,?,?,?,?,?,?,?,?,?,?,?,?,?,?,?,?,?,?,?,SHEET,1000,1320.0,762,?,0,?,3
?,C,A,0,80,T,?,?,0,?,?,G,?,?,?,?,?,?,?,?,?,?,?,?,?,?,?,?,?,?,?,SHEET,1600,1320.0,612,Y,0,?,U
?,C,A,0,0,?,?,?,500,?,?,G,?,?,?,?,?,?,?,?,?,?,?,?,?,?,?,?,?,?,?,COIL,1600,1525.0,0,?,0,?,3
?,C,R,0,0,?,S,3,0,?,?,?,?,?,?,?,?,?,?,?,?,?,?,?,?,?,?,?,?,?,?,SHEET,2000,0610.0,4170,?,0,?,2
?,C,?,0,0,?,S,1,0,?,?,G,?,?,?,?,?,?,?,?,?,?,?,?,?,?,?,?,?,?,?,COIL,799,0020.0,0,?,0,?,3
?,C,R,0,0,?,S,2,0,?,?,?,?,?,?,?,B,Y,?,?,?,?,?,?,?,?,?,?,?,?,?,SHEET,800,1300.0,762,?,0,?,2
TN,C,A,0,0,?,?,3,0,N,?,?,?,?,?,?,?,?,?,?,?,?,?,?,Y,?,?,?,?,?,?,SHEET,600,0610.0,300,?,0,?,5
TN,C,?,0,0,?,A,1,0,?,?,?,?,?,?,?,?,?,?,?,?,?,?,?,Y,?,?,?,?,?,?,COIL,1600,0610.0,0,?,0,?,5
?,C,A,0,0,?,S,2,0,?,?,E,?,?,Y,?,?,Y,?,?,?,?,?,?,?,?,?,?,?,?,?,SHEET,699,1320.0,762,Y,0,?,3
?,C,A,0,70,T,?,?,0,?,?,G,?,?,?,Y,?,?,?,?,?,?,?,?,?,?,?,?,?,?,?,COIL,2500,0610.0,0,?,600,?,3
ZS,C,A,0,50,T,?,?,0,?,?,E,?,?,Y,?,?,?,?,?,?,Y,?,?,?,?,?,?,?,?,?,COIL,451,0020.0,0,?,0,?,3
?,C,R,0,0,?,S,2,0,?,?,?,?,?,Y,?,?,?,?,?,?,?,?,?,?,?,?,?,?,?,?,SHEET,800,1500.0,4170,?,0,?,2
?,C,R,0,0,?,S,2,0,?,?,E,?,?,?,?,B,Y,?,?,?,?,?,?,?,?,?,?,?,?,?,SHEET,699,1320.0,761,?,0,?,3
?,C,A,0,0,?,S,2,0,?,?,E,?,?,?,?,?,?,?,?,?,?,?,?,?,?,?,?,?,?,?,SHEET,3201,1320.0,4880,?,0,?,3
?,C,A,0,0,?,S,2,0,?,?,F,?,?,Y,?,?,?,?,?,?,?,?,?,?,?,?,?,?,?,?,SHEET,600,0300.1,762,?,0,?,3
?,C,A,4,0,T,?,?,0,?,?,G,?,?,?,?,B,?,?,?,?,?,?,?,?,?,?,?,?,?,?,COIL,500,0025.0,0,?,0,?,3
?,C,R,0,0,?,S,2,0,?,?,E,?,?,?,?,M,?,?,?,?,?,?,?,?,?,?,?,?,?,?,COIL,3500,1000.0,0,?,600,?,3
?,C,A,0,0,?,S,2,0,?,?,F,?,?,Y,?,B,Y,?,?,?,?,?,?,?,?,?,?,?,?,?,SHEET,600,0609.9,4880,?,0,?,3
?,C,A,0,70,T,?,?,0,?,?,G,?,?,?,?,?,?,?,?,?,?,?,?,?,?,?,?,?,?,?,COIL,800,0050.0,0,?,0,?,3
?,C,R,0,0,?,S,2,0,?,?,E,?,?,Y,?,?,?,?,?,?,?,?,?,?,?,?,?,?,?,?,COIL,1600,1320.0,0,?,0,?,3
?,C,?,0,0,?,S,1,0,?,?,G,?,?,?,?,?,?,?,?,?,Y,?,?,?,?,?,?,?,?,?,COIL,300,0609.9,0,?,0,?,3
?,C,R,0,0,?,S,3,0,?,?,E,?,?,?,?,?,?,?,?,?,?,?,?,?,?,?,?,?,?,?,SHEET,1600,0609.9,612,?,0,?,3
?,C,A,0,0,?,S,3,0,N,?,F,?,?,?,?,B,Y,?,?,?,Y,?,?,?,?,?,?,?,?,?,SHEET,600,0610.0,4170,?,0,?,3
?,C,A,0,50,T,?,?,0,?,?,G,?,?,?,?,?,?,?,?,?,?,?,?,?,?,?,Y,?,?,?,COIL,3200,0610.0,0,?,0,?,3
?,C,A,0,70,T,?,?,0,?,?,G,?,?,?,?,?,?,?,?,?,?,?,?,?,?,?,?,?,?,?,COIL,600,0610.0,0,?,0,?,3
?,C,A,0,45,?,S,?,0,?,?,D,?,?,?,?,?,?,?,?,?,?,?,?,?,?,?,?,?,?,?,COIL,700,1320.0,0,?,0,?,3
?,C,A,0,60,T,?,?,0,?,?,G,?,?,?,?,M,?,?,?,?,?,?,?,?,?,?,?,?,?,?,COIL,4000,0385.1,0,?,0,?,3
?,C,A,0,70,T,?,?,0,?,?,G,?,?,?,?,?,?,?,?,?,?,?,?,?,?,?,Y,?,?,?,COIL,600,1320.0,0,?,600,?,3
?,C,K,45,0,?,?,?,0,?,?,?,?,?,?,Y,M,?,?,?,?,?,?,?,?,?,?,?,?,?,?,COIL,2200,0640.0,0,?,0,?,3
?,C,A,0,0,?,S,2,0,?,?,G,?,?,?,?,?,?,?,?,?,?,?,?,?,?,?,?,?,?,?,COIL,699,0020.0,0,?,0,?,3
?,C,A,0,0,?,S,2,0,?,?,E,?,?,?,?,B,?,?,?,?,?,?,?,?,?,?,?,?,?,?,COIL,699,1320.0,0,?,0,?,3
?,C,A,0,0,?,S,2,0,?,?,G,?,?,?,?,?,?,?,?,?,?,?,?,?,?,?,?,?,?,?,SHEET,1200,0609.9,614,?,0,?,3
?,C,A,0,0,?,S,3,0,N,?,E,?,?,?,?,?,?,?,?,?,?,?,?,?,?,?,?,?,?,?,SHEET,1000,1320.0,4880,?,0,?,3
TN,C,A,0,0,?,S,3,0,N,?,?,?,?,?,?,?,?,?,?,?,?,?,?,?,?,?,?,?,?,?,COIL,1200,0609.9,0,?,0,?,5
?,C,K,65,0,?,?,?,0,?,?,?,?,?,?,?,?,?,?,?,?,?,?,?,?,?,?,?,?,?,?,COIL,1000,0610.0,0,?,0,?,3
?,C,K,55,0,?,?,?,0,?,?,?,?,?,?,Y,M,?,?,?,?,?,?,?,?,?,?,Y,?,?,?,COIL,1500,0900.0,0,?,0,?,3
?,C,K,45,0,?,?,?,0,?,?,?,?,?,?,?,?,?,?,?,?,?,?,?,?,?,?,?,?,?,?,COIL,3200,0900.0,0,?,0,?,3
?,C,A,0,0,?,S,2,0,?,?,E,?,?,?,?,?,?,?,?,?,?,?,?,?,?,?,?,?,?,?,SHEET,699,0610.0,762,N,0,?,3
ZS,C,R,0,0,?,A,2,0,?,?,G,?,?,?,?,?,?,?,?,?,?,?,?,?,?,?,?,?,?,?,COIL,699,0609.9,0,?,0,?,3
ZS,C,A,0,0,?,S,3,0,N,?,E,?,?,?,?,?,?,?,?,?,?,?,?,?,?,?,?,?,?,?,COIL,699,0610.0,0,?,0,?,3
?,C,R,0,0,?,S,2,0,?,?,E,?,?,Y,?,?,?,?,?,?,?,?,?,?,?,?,?,?,?,?,SHEET,300,1320.0,762,Y,0,?,3
?,C,W,0,0,?,?,?,310,?,?,G,?,?,?,?,?,?,?,?,?,?,?,?,?,?,?,?,?,?,?,SHEET,2501,1275.0,4880,?,0,?,3
ZS,C,A,0,85,T,?,?,0,?,?,E,?,?,?,Y,?,?,?,?,?,?,?,?,?,?,?,?,?,?,?,SHEET,1000,1220.0,762,?,0,?,U
?,C,A,0,45,?,S,?,0,?,?,D,?,?,?,?,?,?,?,?,?,?,?,?,?,?,?,?,?,?,?,SHEET,700,0610.0,759,?,0,?,3
?,C,A,0,45,?,S,?,0,?,?,D,?,?,?,?,?,?,?,?,?,?,?,?,?,?,?,?,?,?,?,SHEET,700,0609.9,3000,?,0,?,3
?,C,A,0,85,T,?,?,0,?,?,G,?,?,?,?,?,?,?,?,?,?,?,?,?,?,?,?,?,?,?,SHEET,3200,0200.1,4880,?,0,?,U
?,C,A,0,0,?,S,2,0,?,?,E,?,?,?,?,?,?,?,?,?,?,?,?,?,?,?,?,?,?,?,COIL,400,0609.9,0,?,0,?,3
TN,C,A,0,0,?,?,3,0,N,?,?,?,?,?,?,?,?,?,?,?,?,?,?,Y,?,?,?,?,?,?,SHEET,600,0335.0,3000,?,0,?,5
ZS,C,A,0,50,T,?,?,0,?,?,E,?,?,?,?,B,?,?,?,?,?,?,?,?,?,?,?,?,?,?,SHEET,600,1250.0,4880,?,0,?,3
?,C,R,0,0,?,S,2,0,?,?,E,?,?,?,?,B,Y,?,?,?,Y,?,?,?,?,?,?,?,?,?,SHEET,700,1300.0,762,?,0,?,3
TN,C,A,0,0,?,?,3,0,N,?,?,?,?,?,?,?,?,?,C,?,?,?,?,?,?,?,?,?,?,?,SHEET,600,0610.0,612,?,0,?,5
?,C,R,0,0,?,S,2,0,?,?,E,?,?,Y,?,?,?,?,?,?,?,?,?,?,?,?,?,?,?,?,SHEET,3200,0610.0,4880,?,0,?,3
?,C,?,0,0,?,S,1,0,?,?,G,?,?,?,?,?,?,?,?,?,Y,?,?,?,?,?,?,?,?,?,SHEET,300,0610.0,762,?,0,?,3
?,C,A,0,0,?,S,3,0,N,?,E,?,?,?,?,?,?,?,?,?,?,?,?,?,?,?,?,?,?,?,COIL,600,0609.0,0,?,0,?,3
ZS,C,A,0,85,T,?,?,0,?,?,E,?,?,?,Y,?,?,?,?,?,Y,?,?,?,?,?,?,?,?,?,SHEET,1200,1200.0,150,?,0,?,U
?,C,A,0,85,T,?,?,0,?,?,G,?,?,?,?,?,?,?,?,?,?,?,?,?,?,?,?,?,?,?,COIL,1200,0609.9,0,?,0,?,U
?,C,A,0,0,?,S,3,0,N,?,E,?,?,?,?,B,Y,?,?,?,Y,?,?,?,?,?,?,?,?,?,SHEET,700,0609.9,4170,?,0,?,3
?,C,R,0,0,?,S,2,0,?,?,?,?,?,?,?,B,?,?,?,?,?,?,?,?,?,?,?,?,?,?,SHEET,1599,1300.0,4880,?,0,?,2
?,C,A,0,0,?,S,2,0,?,?,E,?,?,?,?,B,?,?,?,?,?,?,?,?,?,?,?,?,?,?,COIL,699,0020.0,0,?,0,?,3
?,C,R,0,0,?,S,2,0,?,?,E,?,?,?,?,?,?,?,?,?,?,?,?,?,?,?,?,?,?,?,COIL,699,1320.0,0,?,0,?,3
?,C,?,0,0,?,S,1,0,?,?,G,?,?,?,?,B,Y,?,?,?,?,?,?,?,?,?,?,?,?,?,SHEET,300,1300.0,762,?,0,?,3
?,C,R,0,0,?,S,2,0,?,?,E,?,?,?,?,?,Y,?,?,?,Y,?,?,?,?,?,?,?,?,?,SHEET,1200,1320.0,4170,?,0,?,3
?,C,A,0,0,?,S,2,0,?,?,F,?,?,Y,?,B,?,?,?,?,?,?,?,?,?,?,?,?,?,?,SHEET,600,0520.0,4880,?,0,?,3
?,C,A,0,0,?,S,2,0,?,?,G,?,?,?,Y,?,?,?,?,?,?,?,?,?,?,?,?,?,?,?,COIL,300,0610.0,0,?,0,?,3
?,C,A,0,0,?,S,2,0,?,?,F,?,?,Y,?,?,?,?,?,?,?,?,?,?,?,?,?,?,?,?,SHEET,600,0610.0,4880,?,0,?,3
?,C,A,0,0,?,S,2,0,?,?,E,?,?,?,?,?,Y,?,?,?,?,?,?,?,?,?,?,?,?,?,SHEET,700,0610.0,762,?,0,?,3
?,C,A,0,0,?,S,3,0,N,?,E,?,?,?,?,?,?,?,?,?,?,?,?,?,?,?,?,?,?,?,SHEET,601,0610.0,4880,?,0,?,3
TN,C,?,0,0,?,A,1,0,?,?,?,?,?,?,?,?,?,?,?,P,?,?,?,?,?,?,?,?,?,?,SHEET,1600,0610.0,762,?,0,?,5
?,C,A,0,0,?,S,2,0,?,?,E,?,?,?,?,?,?,?,?,?,Y,?,?,?,?,?,?,?,?,?,COIL,600,0609.9,0,?,0,?,3
?,C,A,0,45,?,S,?,0,?,?,D,?,?,?,?,?,?,?,?,?,?,?,?,?,?,?,?,?,?,?,SHEET,300,0519.9,762,?,0,?,3
?,C,R,0,0,?,S,3,0,?,?,E,?,?,?,?,?,?,?,?,?,?,?,?,?,?,?,?,?,?,?,COIL,1000,0075.0,0,?,0,?,3
?,C,K,55,0,?,?,?,0,?,?,?,?,?,?,?,M,?,?,?,?,?,?,?,?,?,?,?,?,?,?,COIL,2300,0900.0,0,?,500,?,3
?,C,A,0,0,?,S,2,0,?,?,E,?,?,?,?,?,?,?,?,?,?,?,?,?,?,?,?,?,?,?,SHEET,300,0610.0,4880,Y,0,?,3
?,C,A,0,60,T,?,?,0,?,?,G,?,?,?,?,B,Y,?,?,?,Y,?,?,?,?,?,?,?,?,?,SHEET,800,0356.1,762,?,0,?,3
?,C,R,0,0,?,S,2,0,?,?,?,?,?,?,Y,?,?,?,?,?,?,?,?,?,?,?,?,?,?,?,SHEET,800,1300.0,4880,?,0,?,2
?,C,A,0,85,T,?,?,0,?,?,G,?,?,?,?,?,?,?,?,?,?,?,?,?,?,?,?,?,?,?,COIL,3201,0190.0,0,?,0,?,U
?,C,W,0,0,?,?,?,310,?,?,G,?,?,?,?,?,?,?,?,?,?,?,?,?,?,?,?,?,?,?,COIL,2501,0600.1,0,?,0,?,3
?,C,A,0,0,?,S,2,0,?,?,F,?,?,Y,?,?,?,?,?,?,?,?,?,?,?,?,?,?,?,?,SHEET,999,0610.0,762,?,0,?,3
TN,C,A,0,0,?,?,3,0,N,?,?,?,?,?,?,?,?,?,?,?,?,?,?,Y,?,?,?,?,?,?,COIL,1200,0609.9,0,?,0,?,5
?,C,A,0,60,T,?,?,0,?,?,G,?,?,?,?,?,?,?,?,?,?,?,?,?,?,?,Y,?,?,?,COIL,799,0609.9,0,?,0,?,3
?,C,R,0,0,?,S,2,0,?,?,E,?,?,?,?,B,Y,?,?,?,?,?,?,?,?,?,?,?,?,?,SHEET,699,0610.0,150,?,0,?,3
?,C,V,0,0,?,S,2,0,?,?,?,1,?,?,?,?,?,?,?,?,?,?,?,?,?,?,?,?,?,?,COIL,700,1320.0,0,?,0,?,3
?,C,K,45,0,?,?,?,0,?,?,?,?,?,?,Y,M,?,?,?,?,?,?,?,?,?,?,?,?,?,?,COIL,1500,0640.0,0,?,0,?,3
?,C,A,0,0,?,?,?,500,?,?,G,?,?,?,?,?,?,?,?,?,?,?,?,?,?,?,?,?,?,?,COIL,1600,0610.0,0,?,0,?,3
?,C,R,0,0,?,S,2,0,?,?,E,?,?,Y,?,?,?,?,?,?,?,?,?,?,?,?,?,?,?,?,SHEET,3200,1320.0,762,?,0,?,3
?,C,?,0,0,?,S,1,0,?,?,G,?,?,?,?,B,Y,?,?,?,?,?,?,?,?,?,?,?,?,?,SHEET,301,0500.0,4120,Y,0,?,3
?,C,K,45,0,?,?,?,0,?,?,?,?,?,?,?,M,?,?,?,?,?,?,?,?,?,?,?,?,?,?,COIL,3200,0900.0,0,?,0,?,3
?,C,?,0,45,?,S,?,0,?,?,E,?,?,?,?,?,?,?,?,?,Y,?,?,?,?,?,?,?,?,?,SHEET,700,1320.0,762,?,0,?,3
?,C,R,0,0,?,S,2,0,?,?,?,?,?,?,?,?,Y,?,?,?,?,?,?,?,?,?,?,?,?,?,SHEET,2000,0610.0,4170,?,0,?,2
?,C,K,65,0,?,?,?,0,?,?,?,?,?,?,?,?,?,?,?,?,?,?,?,?,?,?,Y,?,?,?,COIL,1000,0610.0,0,?,0,?,3
?,C,K,65,0,?,?,?,0,?,?,?,?,?,?,?,M,?,?,?,?,?,?,?,?,?,?,?,?,?,?,COIL,2300,0640.0,0,?,500,?,3
?,C,R,0,0,?,S,2,0,?,?,?,?,?,?,?,?,Y,?,?,?,?,?,?,?,?,?,?,?,?,?,SHEET,1600,0610.0,612,?,0,?,2
?,C,R,0,0,?,S,3,0,?,?,?,?,?,?,?,?,?,?,?,?,?,?,?,?,?,?,?,?,?,?,SHEET,800,0610.0,762,?,0,?,2
?,C,A,0,0,?,S,2,0,?,?,F,?,?,?,?,?,?,?,?,?,?,?,?,?,?,?,?,?,?,?,SHEET,600,0520.0,762,?,0,?,3
ZS,C,A,0,0,?,S,5,0,N,?,E,?,?,?,?,?,?,?,?,?,?,?,?,?,?,?,?,?,?,?,COIL,800,0609.9,0,?,0,?,3
TN,C,A,0,0,?,?,3,0,N,?,?,?,?,?,?,B,?,?,C,?,?,?,?,?,?,?,?,?,?,?,COIL,1600,0600.1,0,?,0,?,5
?,C,V,0,0,?,S,2,0,?,?,?,2,?,?,?,?,?,?,?,?,?,?,?,?,?,?,?,?,?,?,SHEET,800,1320.0,4880,?,0,?,2
?,C,R,0,0,?,S,2,0,?,?,E,?,?,Y,?,B,Y,?,?,?,?,?,?,?,?,?,?,?,?,?,SHEET,1601,0610.0,762,?,0,?,3
?,C,R,0,0,?,S,2,0,?,?,E,?,?,?,?,?,Y,?,?,?,?,?,?,?,?,?,?,?,?,?,SHEET,700,1320.0,762,?,0,?,3
TN,C,A,0,0,?,?,3,0,N,?,?,?,?,?,?,?,?,?,C,?,?,?,?,?,?,?,?,?,?,?,SHEET,1600,1220.0,612,?,0,?,5
?,C,A,0,45,?,S,?,0,?,?,D,?,?,Y,?,?,?,?,?,?,?,?,?,?,?,?,?,?,?,?,SHEET,699,0610.0,4880,N,0,?,3
?,C,A,0,0,?,S,2,0,?,?,F,?,?,Y,?,B,?,?,?,?,?,?,?,?,?,?,?,?,?,?,SHEET,600,0609.9,762,?,0,?,3
ZS,C,A,0,0,?,S,5,0,N,?,E,?,?,?,?,?,?,?,?,?,?,?,?,?,?,?,?,?,?,?,COIL,700,0020.0,0,?,0,?,3
?,C,R,0,0,?,S,2,0,?,?,?,?,?,?,?,?,?,?,?,?,?,?,?,?,?,?,?,?,?,?,COIL,800,1320.0,0,?,0,?,2
?,C,R,0,0,?,S,2,0,?,?,E,?,?,Y,?,?,?,?,?,?,?,?,?,?,?,?,?,?,?,?,COIL,800,0609.9,0,?,0,?,3
?,C,A,0,0,?,S,3,0,N,?,E,?,?,?,?,?,?,?,?,?,?,?,?,?,?,?,?,?,?,?,COIL,601,0610.0,0,?,0,?,3
?,C,R,0,0,?,S,2,0,?,?,?,?,?,?,?,?,?,?,?,?,?,?,?,?,?,?,?,?,?,?,SHEET,800,0610.0,762,?,0,?,2
?,C,W,0,0,?,?,?,310,?,?,G,?,?,?,?,?,?,?,?,?,?,?,?,?,?,?,?,?,?,?,SHEET,1599,1275.0,762,?,0,?,3
?,C,?,0,0,?,S,1,0,?,?,G,?,?,?,?,?,?,?,?,?,Y,?,?,?,?,?,?,?,?,?,SHEET,400,1220.0,4170,?,0,?,3
ZS,C,A,0,0,?,S,3,0,N,?,E,?,?,?,?,?,?,?,?,?,?,?,?,?,?,?,?,?,?,?,COIL,799,0020.0,0,?,0,?,3
?,C,K,45,0,?,?,?,0,?,?,?,?,?,?,?,?,?,?,?,?,?,?,?,?,?,?,?,?,?,?,COIL,1500,0640.0,0,?,0,?,3
?,C,R,6,0,T,?,?,0,?,?,?,?,?,?,?,?,?,?,?,?,?,?,?,?,?,?,?,?,?,?,SHEET,1000,1320.0,762,?,0,?,3
?,C,R,0,0,?,S,2,0,?,?,E,?,?,?,?,B,Y,?,?,?,Y,?,?,?,?,?,?,?,?,?,SHEET,1599,0610.0,762,?,0,?,3
?,C,K,45,0,?,?,?,0,?,?,?,?,?,?,?,M,?,?,?,?,?,?,?,?,?,?,?,?,?,?,COIL,3200,0900.0,0,?,600,?,3
?,C,A,0,0,?,S,2,0,?,?,E,?,?,?,?,?,?,?,?,?,?,?,?,?,?,?,?,?,?,?,COIL,301,0610.0,0,N,0,?,3
TN,C,A,0,0,?,?,3,0,N,?,?,?,?,?,?,?,?,?,C,?,?,?,?,?,?,?,?,?,?,?,SHEET,600,0609.9,1,?,0,?,5
?,C,A,0,0,?,S,3,0,N,?,E,?,?,?,?,B,Y,?,?,?,Y,?,?,?,?,?,?,?,?,?,SHEET,700,0609.9,612,?,0,?,3
ZS,C,A,0,50,T,?,?,0,?,?,E,?,?,?,?,?,?,?,?,?,?,?,?,?,?,?,?,?,?,?,COIL,300,1250.0,0,?,0,?,3
ZS,C,A,0,50,T,?,?,0,?,?,E,?,?,Y,?,?,?,?,?,?,?,?,?,?,?,?,?,?,?,?,COIL,300,0610.0,0,?,0,?,3
?,C,?,0,0,?,?,?,500,?,P,?,?,?,?,?,?,?,?,?,?,?,?,?,?,?,B,?,?,?,?,SHEET,2000,0300.1,301,?,0,?,2
?,C,R,0,0,?,S,2,0,?,?,E,?,?,Y,?,B,Y,?,?,?,?,?,?,?,?,?,?,?,?,?,SHEET,1599,1300.0,762,?,0,?,3
?,C,A,0,0,?,S,2,0,?,?,G,?,?,Y,?,B,Y,?,?,?,?,?,?,?,?,?,?,?,?,?,SHEET,700,0610.0,4880,?,0,?,3
?,C,A,0,0,?,S,2,0,?,?,E,?,?,?,?,?,?,?,?,?,Y,?,?,?,?,?,?,?,?,?,COIL,1200,0599.9,0,?,0,?,3
?,C,A,0,60,T,?,?,0,?,?,G,?,?,?,?,B,Y,?,?,?,Y,?,?,?,?,?,?,?,?,?,SHEET,800,0356.1,4880,?,0,?,3
?,C,R,0,0,?,S,2,0,?,?,E,?,?,Y,?,B,Y,?,?,?,?,?,?,?,?,?,?,?,?,?,SHEET,1601,0610.0,4880,?,0,?,3
ZS,C,A,0,85,T,?,?,0,?,?,E,?,?,?,Y,?,?,?,?,?,Y,?,?,?,?,?,?,?,?,?,SHEET,400,0600.0,611,?,0,?,U
?,C,R,0,0,?,A,3,0,?,?,G,?,?,?,?,?,?,?,?,?,?,?,?,?,?,?,?,?,?,?,COIL,601,0610.0,0,?,0,?,3
?,C,A,0,0,?,S,2,0,?,?,G,?,?,?,?,?,?,?,?,?,?,?,?,?,?,?,Y,?,?,?,COIL,699,0020.0,0,?,0,?,3
?,C,A,0,0,?,S,3,0,N,?,F,?,?,?,?,B,Y,?,?,?,Y,?,?,?,?,?,?,?,?,?,SHEET,1200,0610.0,762,?,0,?,3
?,C,A,0,0,?,S,3,0,N,?,E,?,?,?,?,?,?,?,?,?,?,?,?,?,?,?,?,?,?,?,COIL,600,0610.0,0,?,0,?,3
?,C,A,0,60,T,?,?,0,?,?,G,?,?,?,?,B,Y,?,?,?,Y,?,?,?,?,?,?,?,?,?,SHEET,801,0356.0,762,?,0,?,3
?,C,W,0,0,?,?,?,310,?,?,G,?,?,?,?,?,?,?,?,?,?,?,?,?,?,?,?,?,?,?,SHEET,2500,0610.0,762,?,0,?,3
?,C,R,0,0,?,S,2,0,?,?,E,?,?,?,?,B,Y,?,?,?,?,?,?,?,?,?,?,?,?,?,SHEET,699,0609.0,612,?,0,?,3
?,C,?,0,0,T,S,2,0,?,?,?,?,?,?,?,?,?,?,?,?,?,?,?,?,?,?,?,?,?,?,COIL,3200,0610.0,0,?,0,?,3
?,C,?,0,0,?,?,?,500,?,P,?,?,?,?,?,?,?,?,?,?,?,?,?,?,?,?,?,?,?,?,SHEET,2000,0300.1,301,?,0,?,2
?,C,A,0,0,?,S,3,0,N,?,G,?,?,?,?,?,?,?,?,?,?,?,?,?,?,?,?,?,?,?,COIL,1000,1320.0,0,?,0,?,3
?,C,?,0,0,?,?,?,500,?,P,?,?,?,?,?,?,?,?,?,?,?,?,?,?,?,?,?,?,?,?,SHEET,1600,0610.0,762,?,0,?,2
?,C,A,0,0,?,S,2,0,?,?,F,?,?,Y,?,B,Y,?,?,?,?,?,?,?,?,?,?,?,?,?,SHEET,600,1320.0,301,?,0,?,3
?,C,A,0,0,?,S,2,0,?,?,E,?,?,?,?,?,?,?,?,?,?,?,?,?,?,?,?,?,?,?,COIL,3200,0609.9,0,?,0,?,3
?,C,A,0,45,?,S,?,0,?,?,D,?,?,?,?,?,?,?,?,?,?,?,?,?,?,?,?,?,?,?,COIL,700,0610.0,0,?,0,?,3
?,C,A,0,85,T,?,?,0,?,?,G,?,?,?,?,?,?,?,?,?,?,?,?,?,?,?,?,?,?,?,COIL,1001,0609.9,0,?,0,?,U
?,C,A,0,0,?,S,2,0,?,?,F,?,?,Y,?,?,Y,?,?,?,?,?,?,?,?,?,?,?,?,?,SHEET,699,0519.0,762,?,0,?,3
?,C,K,65,0,?,?,?,0,?,?,?,?,?,?,?,?,?,?,?,?,?,?,?,?,?,?,?,?,?,?,COIL,3000,0065.1,0,?,0,?,3
?,C,R,0,0,?,S,2,0,?,?,E,?,?,?,?,B,Y,?,?,?,Y,?,?,?,?,?,?,?,?,?,SHEET,1599,0610.0,4170,?,0,?,3
?,C,A,0,0,?,S,2,0,?,?,E,?,?,?,?,B,?,?,?,?,?,?,?,?,?,?,?,?,?,?,SHEET,700,0609.9,4880,?,0,?,3
?,C,?,0,50,T,?,?,0,?,?,G,?,?,?,?,?,?,?,?,?,?,?,?,?,?,?,Y,?,?,?,COIL,600,0610.0,0,?,0,?,3
?,C,A,0,0,?,S,2,0,?,?,E,?,?,?,?,?,Y,?,?,?,?,?,?,?,?,?,?,?,?,?,SHEET,700,1320.0,762,?,0,?,3
?,C,R,0,0,?,S,3,0,?,?,?,?,?,?,?,?,?,?,?,?,?,?,?,?,?,?,?,?,?,?,SHEET,800,1320.0,761,?,0,?,2
?,C,K,45,0,?,?,?,0,?,?,?,?,?,?,?,?,?,?,?,?,?,?,?,?,?,?,Y,?,?,?,COIL,600,0610.0,0,?,0,?,3
?,C,R,0,0,?,S,2,0,?,?,E,?,?,?,?,?,?,?,?,?,Y,?,?,?,?,?,?,?,?,?,COIL,700,1220.0,0,?,0,?,3
?,C,A,0,0,?,S,2,0,?,?,F,?,?,Y,?,B,?,?,?,?,?,?,?,?,?,?,?,?,?,?,SHEET,600,0520.0,762,?,0,?,3
?,C,A,0,45,?,S,?,0,?,?,D,?,?,?,?,B,?,?,?,?,?,?,?,?,?,?,?,?,?,?,SHEET,300,1320.0,762,?,0,?,3
?,C,A,0,0,?,S,2,0,?,?,G,?,?,?,?,?,?,?,?,?,?,?,?,?,?,?,?,?,?,?,SHEET,400,1320.0,762,N,0,?,3
TN,C,?,0,0,?,A,1,0,?,?,?,?,?,?,?,?,?,?,?,?,?,?,?,Y,?,?,?,?,?,?,SHEET,500,1220.0,4880,?,0,?,5
?,C,A,0,0,?,S,2,0,?,?,G,?,?,?,?,?,?,?,?,?,?,?,?,?,?,?,?,?,?,?,COIL,3201,0000.0,0,?,0,?,3
ZS,C,R,0,0,?,A,2,0,?,?,G,?,?,?,?,?,?,?,?,?,?,?,?,?,?,?,?,?,?,?,COIL,699,1250.0,0,?,0,?,3
?,C,K,55,0,?,?,?,0,?,?,?,?,?,?,Y,M,?,?,?,?,?,?,?,?,?,?,Y,?,?,?,COIL,3200,0640.0,0,?,600,?,3
TN,C,?,0,0,?,A,1,0,?,?,?,?,?,?,?,?,?,?,?,?,?,?,?,Y,?,?,?,?,?,?,COIL,800,0050.0,0,?,0,?,5
?,C,A,0,0,?,S,3,0,N,?,E,?,?,?,?,?,?,?,?,?,?,?,?,?,?,?,?,?,?,?,SHEET,1000,0610.0,762,?,0,?,3
TN,C,A,0,0,?,S,3,0,N,?,?,?,?,?,?,?,?,?,?,?,?,?,?,?,?,?,?,?,?,?,COIL,1600,0609.9,0,?,0,?,5
?,C,A,0,60,T,?,?,0,?,?,G,?,?,?,?,?,?,?,?,?,?,?,?,?,?,?,?,?,?,?,COIL,799,0020.0,0,?,0,?,3
?,C,R,0,0,?,S,3,0,?,?,E,?,?,?,?,?,?,?,?,?,?,?,?,?,?,?,?,?,?,?,COIL,601,0610.0,0,?,0,3,3
?,C,?,0,0,?,S,1,0,?,?,G,?,?,?,?,?,?,?,?,?,?,?,?,?,?,?,?,?,?,?,SHEET,300,1320.0,762,Y,0,?,3
?,C,A,0,85,T,?,?,0,?,?,G,?,?,?,?,?,?,?,?,?,?,?,?,?,?,?,?,?,?,?,COIL,400,0609.9,0,?,0,?,U
?,C,R,0,0,?,S,2,0,?,?,E,?,?,Y,?,B,Y,?,?,?,?,?,?,?,?,?,?,?,?,?,SHEET,700,0610.0,762,?,0,?,3
?,C,A,0,0,?,S,2,0,?,?,F,?,?,Y,?,?,?,?,?,?,?,?,?,?,?,?,?,?,?,?,SHEET,600,0610.0,761,?,0,?,3
?,C,A,0,0,?,S,2,0,?,?,G,?,?,?,?,?,?,?,?,?,?,?,?,?,?,?,Y,?,?,?,COIL,699,0609.9,0,?,0,?,3
?,C,A,0,80,T,?,?,0,?,?,G,?,?,?,?,?,?,?,?,?,Y,?,?,?,?,?,?,?,?,?,COIL,500,0028.0,0,?,0,?,3
?,C,A,0,0,?,S,2,0,?,?,G,?,?,?,?,B,Y,?,?,?,Y,?,?,?,?,?,?,?,?,?,SHEET,700,0610.0,4170,?,0,?,3
?,C,A,0,45,?,S,?,0,?,?,D,?,?,?,?,B,Y,?,?,?,?,?,?,?,?,?,?,?,?,?,SHEET,400,1220.0,761,?,0,?,3
?,C,R,0,0,?,S,2,0,?,?,E,?,?,?,?,B,Y,?,?,?,?,?,?,?,?,?,?,?,?,?,SHEET,400,0610.0,150,?,0,?,3
?,C,R,0,0,?,S,2,0,?,?,E,?,?,?,?,?,?,?,?,?,?,?,?,?,?,?,Y,?,?,?,SHEET,3200,0610.0,762,?,0,?,3
?,C,?,0,0,?,S,1,0,?,?,G,?,?,?,?,?,?,?,?,?,?,?,?,?,?,?,?,?,?,?,SHEET,300,0610.0,761,?,0,?,3
?,C,A,0,85,T,?,?,0,?,?,G,?,?,?,?,M,?,?,?,?,?,?,?,?,?,?,Y,?,?,?,COIL,4000,1000.0,0,?,600,?,U
?,C,R,6,0,T,?,?,0,?,?,?,?,?,?,?,?,?,?,?,?,?,?,?,?,?,?,?,?,?,?,SHEET,1000,0610.0,4880,?,0,?,3
?,C,A,0,45,?,S,?,0,?,?,D,?,?,?,?,?,?,?,?,?,?,?,?,?,?,?,?,?,?,?,SHEET,1600,0610.0,4880,?,0,?,3
?,C,R,0,0,?,S,3,0,?,?,?,?,?,?,?,?,?,?,?,?,?,?,?,?,?,?,?,?,?,?,SHEET,800,0609.9,762,?,0,?,2
?,C,A,0,50,T,?,?,0,?,?,G,?,?,?,Y,?,?,?,?,?,?,?,?,?,?,?,Y,?,?,?,COIL,601,0610.0,0,?,0,?,3
?,C,R,0,0,?,S,2,0,?,?,E,?,?,?,?,?,Y,?,?,?,?,?,?,?,?,?,?,?,?,?,SHEET,699,1320.0,762,Y,0,?,3
?,C,A,0,60,T,?,?,0,?,?,G,?,?,?,?,?,?,?,?,?,?,?,?,?,?,?,?,?,?,?,COIL,4000,0050.0,0,?,0,?,3
?,C,W,0,0,?,?,?,310,?,?,G,?,?,?,?,?,?,?,?,?,?,?,?,?,?,?,?,?,?,?,SHEET,2500,1274.9,762,?,0,?,3
?,C,R,0,0,?,S,3,0,?,?,?,?,?,?,?,?,?,?,?,?,?,?,?,?,?,?,?,?,?,?,SHEET,1599,0150.0,762,?,0,?,2
?,C,W,0,0,?,?,?,310,?,?,G,?,?,?,?,?,?,?,?,?,?,?,?,?,?,?,?,?,?,?,COIL,800,0609.9,0,?,0,?,3
?,C,A,0,0,?,S,2,0,?,?,F,?,?,Y,?,?,Y,?,?,?,?,?,?,?,?,?,?,?,?,?,SHEET,600,0609.9,4880,?,0,?,3
?,C,A,0,45,?,S,?,0,?,?,D,?,?,?,?,?,?,?,?,?,?,?,?,?,?,?,?,?,?,?,SHEET,1600,1320.0,759,?,0,?,3
?,C,R,0,0,?,S,3,0,?,?,?,?,?,?,?,?,?,?,?,?,?,?,?,?,?,?,?,?,?,?,SHEET,1601,0830.0,881,?,0,?,2
?,C,A,0,0,?,S,2,0,?,?,E,?,?,Y,?,?,?,?,?,?,?,?,?,?,?,?,?,?,?,?,COIL,1600,0060.0,0,?,0,?,3
?,C,A,0,70,T,?,?,0,?,?,G,?,?,?,?,?,?,?,?,?,?,?,?,?,?,?,?,?,?,?,COIL,801,1320.0,0,?,600,?,3
?,C,R,0,0,?,S,2,0,?,?,?,?,?,?,?,?,?,?,?,?,?,?,?,?,?,?,?,?,?,?,COIL,1599,0610.0,0,?,0,?,2
?,C,?,0,0,?,S,1,0,?,?,G,?,?,?,?,?,?,?,?,?,Y,?,?,?,?,?,?,?,?,?,SHEET,300,1220.0,4170,?,0,?,3
?,C,R,0,0,?,S,2,0,?,?,E,?,?,Y,?,?,Y,?,?,?,?,?,?,?,?,?,?,?,?,?,SHEET,1601,0150.0,4880,?,0,?,3
?,C,A,0,60,T,?,?,0,?,?,G,?,?,?,Y,?,?,?,?,?,?,?,?,?,?,?,?,?,?,?,COIL,1001,1320.0,0,?,500,?,3
?,C,A,0,45,?,S,?,0,?,?,D,?,?,Y,?,?,?,?,?,?,?,?,?,?,?,?,?,?,?,?,SHEET,699,1320.0,4880,N,0,?,3
?,C,A,0,0,?,S,2,0,?,?,E,?,?,Y,?,?,?,?,?,?,?,?,?,?,?,?,?,?,?,?,SHEET,300,1320.0,762,Y,0,?,3
?,C,M,0,0,?,?,?,600,?,?,G,?,?,?,Y,?,?,?,?,?,?,?,?,?,?,?,?,?,?,?,SHEET,1299,1050.0,1220,?,0,?,2
?,C,A,0,0,?,S,2,0,?,?,F,?,?,Y,?,B,Y,?,?,?,?,?,?,?,?,?,?,?,?,?,SHEET,600,0300.1,4880,?,0,?,3
TN,C,A,0,0,?,?,3,0,N,?,?,?,?,?,?,B,?,?,?,?,?,?,?,Y,?,?,?,?,?,?,SHEET,600,1220.0,762,?,0,?,5
?,C,R,0,0,?,S,2,0,?,?,E,?,?,?,?,?,?,?,?,?,?,?,?,?,?,?,?,?,?,?,SHEET,699,0610.0,761,?,0,?,3
?,C,?,0,0,?,S,1,0,?,?,G,?,?,?,?,?,?,?,?,?,?,?,?,?,?,?,?,?,?,?,SHEET,699,0610.0,612,?,0,?,3
?,C,R,0,0,?,S,2,0,?,?,E,?,?,Y,?,?,?,?,?,?,?,?,?,?,?,?,?,?,?,?,SHEET,1600,0609.9,762,?,0,?,3
?,C,A,0,45,?,S,?,0,?,?,D,?,?,?,?,?,?,?,?,?,?,?,?,?,?,?,?,?,?,?,SHEET,699,1320.0,4880,N,0,?,3
ZS,C,A,0,0,?,S,5,0,N,?,E,?,?,?,?,?,?,?,?,?,?,?,?,?,?,?,?,?,?,?,COIL,1200,0610.0,0,?,0,?,3
?,C,W,0,0,?,?,?,310,?,?,G,?,?,?,?,?,?,?,?,?,?,?,?,?,?,?,?,?,?,?,SHEET,800,1275.0,762,?,0,?,3
?,C,R,0,0,?,S,2,0,?,?,E,?,?,?,?,B,Y,?,?,?,Y,?,?,?,?,?,?,?,?,?,SHEET,1200,1320.0,611,?,0,?,3
?,C,R,0,0,?,S,3,0,?,?,?,?,?,?,?,?,?,?,?,?,?,?,?,?,?,?,?,?,?,?,SHEET,800,0610.0,1,?,0,?,2
?,C,A,0,60,T,?,?,0,?,?,G,?,?,?,?,B,Y,?,?,?,Y,?,?,?,?,?,?,?,?,?,SHEET,800,0255.0,270,?,0,?,3
?,C,A,8,0,?,S,?,0,?,?,G,?,?,?,?,?,?,?,?,?,?,?,?,?,?,?,?,?,?,?,COIL,699,0020.0,0,?,0,?,3
?,C,A,0,0,?,S,2,0,?,?,F,?,?,Y,?,?,?,?,?,?,?,?,?,?,?,?,?,?,?,?,SHEET,600,0520.0,0,?,0,?,3
?,C,A,0,45,?,S,?,0,?,?,D,?,?,?,?,B,Y,?,?,?,?,?,?,?,?,?,?,?,?,?,SHEET,400,0610.0,300,?,0,?,3
?,C,A,0,45,?,S,?,0,?,?,D,?,?,?,?,?,?,?,?,?,?,?,?,?,?,?,?,?,?,?,COIL,400,0610.0,0,N,0,?,3
?,C,M,0,0,?,?,?,600,?,?,G,?,?,?,Y,?,?,?,?,?,?,?,?,?,?,?,?,?,?,?,SHEET,900,0610.0,3000,?,0,?,2
?,C,A,0,60,T,?,?,0,?,?,G,?,?,?,?,M,?,?,?,?,?,?,?,?,?,?,?,?,?,?,COIL,2801,0610.0,0,?,600,?,3
?,C,K,55,0,?,?,?,0,?,?,?,?,?,?,Y,M,?,?,?,?,?,?,?,?,?,?,?,?,?,?,COIL,2300,0900.0,0,?,600,?,3
?,C,R,6,0,T,?,?,0,?,?,?,?,?,Y,?,?,?,?,?,?,?,?,?,?,?,?,?,?,?,?,SHEET,600,1320.0,4880,?,0,?,3
TN,C,A,0,0,?,?,3,0,N,?,?,?,?,?,?,B,?,?,?,?,?,?,?,Y,?,?,?,?,?,?,SHEET,1600,0610.0,4880,?,0,?,5
?,C,R,0,0,?,S,2,0,?,?,E,?,?,?,?,?,?,?,?,?,Y,?,?,?,?,?,?,?,?,?,SHEET,1200,0610.0,4170,?,0,?,3
?,C,A,0,0,?,S,2,0,?,?,E,?,?,?,?,?,Y,?,?,?,?,?,?,?,?,?,?,?,?,?,SHEET,1599,1320.0,4880,?,0,?,3
?,C,?,0,0,?,S,1,0,?,?,G,?,?,?,?,?,?,?,?,?,?,?,?,?,?,?,?,?,?,?,SHEET,300,0374.9,762,?,0,?,3
TN,C,A,0,0,?,?,3,0,N,?,?,?,?,?,?,?,?,?,C,?,?,?,?,?,?,?,?,?,?,?,COIL,600,0609.9,0,?,0,?,5
ZS,C,A,0,50,T,?,?,0,?,?,E,?,?,Y,?,B,?,?,?,?,?,?,?,?,?,?,?,?,?,?,SHEET,600,1250.0,4880,?,0,?,3
?,C,?,0,0,?,S,1,0,?,?,G,?,?,?,?,?,?,?,?,?,?,?,?,?,?,?,?,?,?,?,COIL,400,0609.9,0,?,0,?,3
?,C,R,0,0,?,S,2,0,?,?,E,?,?,?,?,?,?,?,?,?,?,?,?,?,?,?,?,?,?,?,SHEET,699,0610.0,4880,N,0,?,3
?,C,?,0,70,T,?,?,0,?,?,G,?,?,?,?,?,?,?,?,?,?,?,?,?,?,?,Y,?,?,?,COIL,799,0609.9,0,?,0,?,3
?,C,A,0,0,?,S,2,0,?,?,F,?,?,Y,?,B,Y,?,?,?,?,?,?,?,?,?,?,?,?,?,SHEET,699,0519.9,762,?,0,?,3
?,C,R,0,0,?,S,2,0,?,?,?,?,?,?,?,?,Y,?,?,?,?,?,?,?,?,?,?,?,?,?,SHEET,800,0610.0,762,?,0,?,2
ZS,C,A,0,50,T,?,?,0,?,?,E,?,?,Y,?,?,?,?,?,?,?,?,?,?,?,?,?,?,?,?,SHEET,601,1250.0,4880,?,0,?,3
?,C,R,0,0,?,S,2,0,?,?,E,?,?,?,?,?,?,?,?,?,?,?,?,?,?,?,?,?,?,?,COIL,400,0610.0,0,?,0,?,3
?,C,?,0,0,?,A,2,0,?,?,G,?,?,?,?,?,?,?,?,?,?,?,?,?,?,?,?,?,?,?,COIL,300,1320.0,0,?,0,?,3
?,C,A,0,85,T,?,?,0,?,?,G,?,?,?,?,?,?,?,?,?,Y,?,?,?,?,?,?,?,?,?,COIL,1000,0020.0,0,?,0,?,U
TN,C,A,0,0,?,?,3,0,N,?,?,?,?,?,?,?,?,?,?,?,?,?,?,Y,?,?,?,?,?,?,COIL,1600,0610.0,0,?,0,?,5
?,C,M,0,0,?,?,?,600,?,P,?,?,?,?,?,?,?,?,?,?,?,?,?,?,?,?,?,?,?,?,SHEET,2000,1320.0,4880,?,0,?,2
?,C,A,0,45,?,S,?,0,?,?,D,?,?,Y,?,?,?,?,?,?,?,?,?,?,?,?,?,?,?,?,SHEET,699,1320.0,760,N,0,?,3
?,C,K,55,0,?,?,?,0,?,?,?,?,?,?,?,M,?,?,?,?,?,?,?,?,?,?,?,?,?,?,COIL,2300,0640.0,0,?,600,?,3
?,C,?,0,0,?,A,2,0,?,?,G,?,?,?,?,?,?,?,?,?,?,?,?,?,?,?,?,?,?,?,COIL,3200,1320.0,0,?,0,?,3
?,C,?,0,50,T,?,?,0,?,?,G,?,?,?,?,?,?,?,?,?,?,?,?,?,?,?,Y,?,?,?,COIL,1201,0610.0,0,?,0,?,3
?,C,A,0,0,?,S,2,0,?,?,E,?,?,Y,?,?,Y,?,?,?,?,?,?,?,?,?,?,?,?,?,SHEET,300,1320.0,4880,Y,0,?,3
?,C,R,0,0,?,S,3,0,?,?,E,?,?,?,?,?,?,?,?,?,?,?,?,?,?,?,?,?,?,?,SHEET,699,0609.9,762,?,0,?,3
?,C,R,0,0,?,S,2,0,?,?,?,?,?,?,?,?,Y,?,?,?,?,?,?,?,?,?,?,?,?,?,SHEET,800,0610.0,4880,?,0,?,2
ZS,C,A,0,0,?,S,5,0,N,?,E,?,?,?,?,?,?,?,?,?,?,?,?,?,?,?,?,?,?,?,COIL,700,0609.9,0,?,0,?,3
?,C,R,0,0,?,S,2,0,?,?,E,?,?,?,?,B,Y,?,?,?,?,?,?,?,?,?,?,?,?,?,SHEET,400,1320.0,761,?,0,?,3
?,C,R,0,0,?,S,2,0,?,?,?,?,?,?,?,B,?,?,?,?,?,?,?,?,?,?,?,?,?,?,COIL,1600,0610.0,0,?,0,?,2
TN,C,A,0,0,?,?,3,0,N,?,?,?,?,?,?,?,?,?,?,?,?,?,?,Y,?,?,?,?,?,?,SHEET,1600,1220.0,761,?,0,?,5
?,C,A,0,0,?,S,2,0,?,?,F,?,?,Y,?,?,?,?,?,?,?,?,?,?,?,?,?,?,?,?,SHEET,699,1220.0,4880,?,0,?,3
?,C,R,0,0,?,S,2,0,?,?,?,?,?,?,?,B,Y,?,?,?,?,?,?,?,?,?,?,?,?,?,SHEET,1599,1525.0,4170,?,0,?,2
?,C,A,0,0,?,S,2,0,?,?,E,?,?,?,?,?,?,?,?,?,Y,?,?,?,?,?,?,?,?,?,COIL,1600,0610.0,0,?,0,2,3
?,C,R,6,0,T,?,?,0,?,?,?,?,?,?,?,?,?,?,?,?,?,?,?,?,?,?,?,?,?,?,COIL,500,0610.0,0,?,0,?,3
?,C,A,0,0,?,S,2,0,?,?,G,?,?,?,?,?,?,?,?,?,?,?,?,?,?,?,Y,?,?,?,COIL,300,0610.0,0,?,0,?,3
?,C,A,0,0,?,S,2,0,?,?,E,?,?,Y,?,?,Y,?,?,?,?,?,?,?,?,?,?,?,?,?,SHEET,699,0610.0,4880,Y,0,?,3
TN,C,A,0,0,?,?,3,0,N,?,?,?,?,?,?,B,?,?,C,?,?,?,?,?,?,?,?,?,?,?,COIL,600,0609.9,0,?,0,?,5
?,C,R,0,0,?,S,2,0,?,?,E,?,?,?,?,?,?,?,?,?,?,?,?,?,?,?,Y,?,?,?,COIL,300,0610.0,0,?,0,?,3
?,C,A,0,60,T,?,?,0,?,?,G,?,?,?,?,?,?,?,?,?,?,?,?,?,?,?,?,?,?,?,COIL,801,1320.0,0,?,600,?,3
TN,C,A,0,0,?,?,3,0,N,?,?,?,?,?,?,B,?,?,?,?,?,?,?,Y,?,?,?,?,?,?,SHEET,1600,0610.0,762,?,0,?,5
ZS,C,A,0,50,T,?,?,0,?,?,E,?,?,Y,?,B,?,?,?,?,?,?,?,?,?,?,?,?,?,?,SHEET,451,0610.0,762,?,0,?,3
?,C,?,0,50,T,?,?,0,?,?,G,?,?,?,Y,?,?,?,?,?,?,?,?,?,?,?,?,?,?,?,COIL,601,0610.0,0,?,0,?,3
TN,C,A,0,0,?,?,3,0,N,?,?,?,?,?,?,?,?,?,?,P,?,?,?,?,?,?,?,?,?,?,COIL,600,0609.9,0,?,0,?,5
?,C,R,0,0,?,S,3,0,?,?,?,?,?,?,?,B,Y,?,?,?,?,?,?,?,?,?,?,?,?,?,SHEET,1599,1320.0,762,?,0,?,2
TN,C,A,0,0,?,?,3,0,N,?,?,?,?,?,?,?,?,?,?,?,?,?,?,Y,?,?,?,?,?,?,SHEET,1600,0335.0,612,?,0,?,5
?,C,A,0,45,?,S,?,0,?,?,D,?,?,?,?,?,?,?,?,?,?,?,?,?,?,?,?,?,?,?,SHEET,300,0610.0,761,?,0,?,3
?,C,A,0,0,?,S,2,0,?,?,E,?,?,Y,?,?,?,?,?,?,?,?,?,?,?,?,?,?,?,?,SHEET,300,0610.0,762,Y,0,?,3
?,C,R,0,0,?,S,2,0,?,?,E,?,?,?,?,B,Y,?,?,?,?,?,?,?,?,?,?,?,?,?,SHEET,400,1320.0,150,?,0,?,3
?,C,A,0,0,?,?,?,500,?,?,G,?,?,?,?,?,?,?,?,?,?,?,?,?,?,?,?,?,?,?,COIL,900,1320.0,0,?,0,?,3
?,C,A,0,70,T,?,?,0,?,?,G,?,?,?,Y,?,?,?,?,?,?,?,?,?,?,?,?,?,?,?,COIL,800,0610.0,0,?,0,?,3
?,C,R,0,0,?,S,3,0,?,?,?,?,?,?,?,?,?,?,?,?,?,?,?,?,?,?,?,?,?,?,COIL,800,0609.9,0,?,0,?,2
?,C,?,0,70,T,?,?,0,?,?,G,?,?,?,?,?,?,?,?,?,?,?,?,?,?,?,?,?,?,?,COIL,799,0609.0,0,?,0,?,3
ZS,C,R,0,0,?,A,2,0,?,?,G,?,?,?,?,?,?,?,?,?,?,?,?,?,?,?,?,?,?,?,COIL,699,0609.9,0,?,0,?,3
?,C,A,0,0,?,S,2,0,?,?,E,?,?,?,?,B,?,?,?,?,?,?,?,?,?,?,?,?,?,?,SHEET,1600,0150.0,762,?,0,?,3
?,C,A,0,45,?,S,?,0,?,?,D,?,?,?,?,?,?,?,?,?,?,?,?,?,?,?,?,?,?,?,COIL,700,1320.0,0,?,0,?,3
ZS,C,A,0,50,T,?,?,0,?,?,E,?,?,Y,?,?,?,?,?,?,?,?,?,?,?,?,?,?,?,?,SHEET,400,1220.0,762,?,0,?,3
ZS,C,A,0,85,T,?,?,0,?,?,E,?,?,?,?,?,?,?,?,?,?,?,?,?,?,?,?,?,?,?,COIL,321,1220.0,0,?,0,?,U
?,C,W,0,0,?,?,?,310,?,?,G,?,?,?,?,?,?,?,?,?,?,?,?,?,?,?,?,?,?,?,SHEET,1600,1274.9,4880,?,0,?,3
?,C,A,0,45,?,S,?,0,?,?,D,?,?,?,?,?,Y,?,?,?,?,?,?,?,?,?,?,?,?,?,SHEET,700,0610.0,4880,?,0,?,3
?,C,A,0,0,?,S,2,0,?,?,E,?,Y,Y,?,?,?,?,?,?,?,?,?,?,?,?,?,?,?,?,COIL,1600,0606.9,0,?,0,?,3
?,C,R,0,0,?,S,2,0,?,?,E,?,?,?,?,B,?,?,?,?,?,?,?,?,?,?,?,?,?,?,SHEET,700,0609.9,762,?,0,?,3
?,C,A,0,45,?,S,?,0,?,?,D,?,?,?,?,?,?,?,?,?,?,?,?,?,?,?,?,?,?,?,COIL,699,0610.0,0,?,0,?,3
?,C,R,0,0,?,S,3,0,?,?,?,?,?,?,?,?,?,?,?,?,?,?,?,?,?,?,?,?,?,?,COIL,800,0020.0,0,?,0,?,2
?,C,K,55,0,?,?,?,0,?,?,?,?,?,?,?,?,?,?,?,?,?,?,?,?,?,?,Y,?,?,?,COIL,1000,0900.0,0,?,0,?,3
?,C,?,0,0,?,?,?,500,?,P,?,?,?,?,?,?,?,?,?,?,?,?,?,?,?,B,?,?,?,?,SHEET,2000,0609.9,4880,?,0,?,2
?,C,R,0,0,?,S,2,0,?,?,E,?,?,?,?,B,Y,?,?,?,Y,?,?,?,?,?,?,?,?,?,SHEET,1200,0150.0,612,?,0,?,3
?,C,A,0,60,T,?,?,0,?,?,G,?,?,?,Y,?,?,?,?,?,?,?,?,?,?,?,?,?,?,?,COIL,600,0610.0,0,?,0,?,3
?,C,A,0,85,T,?,?,0,?,?,G,?,?,?,?,?,?,?,?,?,?,?,?,?,?,?,?,?,?,?,SHEET,1200,1220.0,4880,?,0,?,U
?,C,S,70,0,?,?,?,0,?,?,?,?,?,?,?,?,?,?,?,?,?,?,?,?,?,?,?,?,?,?,SHEET,1600,1320.0,762,?,0,?,3
?,C,?,0,50,T,?,?,0,?,?,G,?,?,?,?,?,?,?,?,?,?,?,?,?,?,?,Y,?,?,?,COIL,1201,1320.0,0,?,0,?,3
?,C,R,0,0,?,S,3,0,?,?,?,?,?,?,?,?,?,?,?,?,?,?,?,?,?,?,?,?,?,?,SHEET,1600,1525.0,612,?,0,?,2
?,C,A,0,45,?,S,?,0,?,?,D,?,?,?,?,?,?,?,?,?,?,?,?,?,?,?,?,?,?,?,SHEET,300,0150.0,4880,?,0,?,3
TN,C,A,0,0,?,?,3,0,N,?,?,?,?,?,?,?,?,?,C,?,?,?,?,?,?,?,?,?,?,?,SHEET,600,0335.0,1,?,0,?,5
?,C,A,0,0,?,S,2,0,?,?,G,?,?,?,?,?,Y,?,?,?,?,?,?,?,?,?,?,?,?,?,SHEET,1601,1300.0,762,?,0,?,3
?,C,R,0,0,?,S,2,0,?,?,E,?,?,Y,?,?,Y,?,?,?,?,?,?,?,?,?,?,?,?,?,SHEET,300,1320.0,762,Y,0,?,3
?,C,R,0,0,?,S,3,0,?,?,E,?,?,?,?,?,?,?,?,?,?,?,?,?,?,?,?,?,?,?,SHEET,600,0609.0,4880,?,0,?,3
?,C,R,0,0,?,S,2,0,?,?,E,?,?,?,?,B,?,?,?,?,Y,?,?,?,?,?,?,?,?,?,COIL,700,1220.0,0,?,0,?,3
?,C,R,0,0,?,S,2,0,?,?,?,?,?,?,?,?,?,?,?,?,?,?,?,?,?,?,?,?,?,?,COIL,1599,0609.9,0,?,0,?,2
?,C,?,0,0,?,S,1,0,?,?,G,?,?,?,?,B,Y,?,?,?,?,?,?,?,?,?,?,?,?,?,SHEET,300,0595.0,4880,?,0,?,3
?,C,R,0,0,?,A,3,0,?,?,G,?,?,?,?,?,?,?,?,?,?,?,?,?,?,?,?,?,?,?,SHEET,700,1320.0,4880,?,0,?,3
?,C,R,0,0,?,S,2,0,?,?,E,?,?,Y,?,B,?,?,?,?,?,?,?,?,?,?,?,?,?,?,COIL,1600,0610.0,0,?,0,?,3
?,C,R,0,0,?,S,3,0,?,?,E,?,?,?,?,?,?,?,?,?,?,?,?,?,?,?,?,?,?,?,COIL,800,0075.0,0,?,0,?,3
?,C,V,0,0,?,S,2,0,?,?,?,1,?,?,?,?,?,?,?,?,?,?,?,?,?,?,?,?,?,?,COIL,800,0609.9,0,?,0,?,3
?,C,R,0,0,?,S,2,0,?,?,E,?,?,?,?,B,Y,?,?,?,Y,?,?,?,?,?,?,?,?,?,SHEET,700,0150.0,612,?,0,?,3
?,C,R,0,0,?,S,2,0,?,?,E,?,?,?,?,?,?,?,?,?,?,?,?,?,?,?,?,?,?,?,SHEET,700,0150.0,762,?,0,?,3
TN,C,A,0,0,?,?,3,0,N,?,?,?,?,?,?,?,?,?,?,P,?,?,?,?,?,?,?,?,?,?,SHEET,1600,1220.0,762,?,0,?,5
?,C,?,0,70,T,?,?,0,?,?,G,?,?,?,?,M,?,?,?,?,?,?,?,?,?,?,?,?,?,?,COIL,2801,1000.0,0,?,600,?,3
?,C,R,0,0,?,A,3,0,?,?,G,?,?,?,?,?,?,?,?,?,?,?,?,?,?,?,?,?,?,?,COIL,600,1320.0,0,?,0,?,3
ZS,C,A,0,70,T,?,?,0,?,?,E,?,?,?,?,?,?,?,?,?,?,?,?,?,?,?,?,?,?,?,COIL,600,0610.0,0,?,0,?,3
?,C,S,70,0,?,?,?,0,?,?,?,?,?,?,?,M,?,?,?,?,?,?,?,?,?,?,?,?,?,?,SHEET,2500,0610.0,4880,?,0,?,3
ZS,C,A,0,0,?,S,3,0,N,?,E,?,?,?,?,?,?,?,?,?,?,?,?,?,?,?,?,?,?,?,SHEET,1200,0609.9,4170,?,0,?,3
?,C,R,0,0,?,S,2,0,?,?,E,?,?,Y,?,?,?,?,?,?,?,?,?,?,?,?,?,?,?,?,SHEET,700,0609.9,762,?,0,?,3
?,C,R,0,0,?,S,2,0,?,?,E,?,?,Y,?,B,?,?,?,?,?,?,?,?,?,?,?,?,?,?,SHEET,1599,0610.0,762,?,0,?,3
?,C,R,0,0,?,S,3,0,?,?,E,?,?,?,?,?,?,?,?,?,?,?,?,?,?,?,?,?,?,?,SHEET,601,0609.9,612,?,0,?,3
?,C,R,0,0,?,S,2,0,?,?,E,?,?,?,?,?,?,?,?,?,?,?,?,?,?,?,?,?,?,?,SHEET,699,1320.0,4880,Y,0,?,3
?,C,R,0,0,?,S,2,0,?,?,E,?,?,?,?,?,Y,?,?,?,Y,?,?,?,?,?,?,?,?,?,SHEET,1200,0610.0,4170,?,0,?,3
?,C,R,0,0,?,S,2,0,?,?,E,?,?,?,Y,?,?,?,?,?,?,?,?,?,?,?,?,?,?,?,COIL,400,0610.0,0,?,0,?,3
?,C,A,0,45,?,S,?,0,?,?,D,?,?,?,?,B,Y,?,?,?,?,?,?,?,?,?,?,?,?,?,SHEET,700,0610.0,4880,?,0,?,3
?,C,A,0,0,?,S,2,0,?,?,F,?,?,Y,?,B,Y,?,?,?,?,?,?,?,?,?,?,?,?,?,SHEET,700,1220.0,762,?,0,?,3
?,C,R,0,0,?,S,2,0,?,?,E,?,?,?,?,B,?,?,?,?,?,?,?,?,?,?,?,?,?,?,COIL,400,0609.9,0,?,0,?,3
?,C,A,0,0,?,S,2,0,?,?,G,?,?,?,?,B,Y,?,?,?,Y,?,?,?,?,?,?,?,?,?,SHEET,700,1300.0,4170,?,0,?,3
TN,C,A,0,0,?,?,3,0,N,?,?,?,?,?,?,?,?,?,?,?,?,?,?,Y,?,?,?,?,?,?,COIL,800,0050.0,0,?,0,?,5
?,C,K,65,0,?,?,?,0,?,?,?,?,?,?,?,?,?,?,?,?,?,?,?,?,?,?,?,?,?,?,COIL,1100,0610.0,0,?,0,?,3
?,C,R,0,0,?,S,2,0,?,?,?,?,?,Y,?,?,?,?,?,?,?,?,?,?,?,?,?,?,?,?,SHEET,2000,1500.0,4170,?,0,?,2
?,C,R,0,0,?,S,2,0,?,?,E,?,?,Y,?,?,?,?,?,?,?,?,?,?,?,?,?,?,?,?,COIL,700,0610.0,0,?,0,3,3
?,C,W,0,0,?,?,?,310,?,?,G,?,?,?,?,?,?,?,?,?,?,?,?,?,?,?,?,?,?,?,COIL,2500,0610.0,0,?,600,?,3
?,C,R,0,0,?,S,2,0,?,?,E,?,?,?,?,B,Y,?,?,?,Y,?,?,?,?,?,?,?,?,?,SHEET,1200,0609.9,4170,?,0,?,3
TN,C,A,0,0,?,?,3,0,N,?,?,?,?,?,?,?,?,?,C,?,?,?,?,?,?,?,?,?,?,?,SHEET,600,0335.0,611,?,0,?,5
?,C,R,0,0,?,S,2,0,?,?,E,?,?,?,Y,?,?,?,?,?,?,?,?,?,?,?,?,?,?,?,SHEET,3200,1300.0,4880,?,0,?,3
?,C,A,0,0,?,S,2,0,?,?,F,?,?,Y,?,?,Y,?,?,?,?,?,?,?,?,?,?,?,?,?,SHEET,600,0610.0,4880,?,0,?,3
?,C,A,0,0,?,S,2,0,?,?,G,?,?,?,Y,?,?,?,?,?,?,?,?,?,?,?,?,?,?,?,SHEET,700,0610.0,4880,?,0,?,3
?,C,A,0,0,?,S,2,0,?,?,E,?,?,?,?,?,?,?,?,?,?,?,?,?,?,C,?,?,?,?,COIL,699,0610.0,0,N,0,?,3
?,C,?,0,0,?,S,1,0,?,?,G,?,?,?,?,?,?,?,?,?,?,?,?,?,?,?,?,?,?,?,SHEET,699,0374.9,4880,?,0,?,3
?,C,R,0,0,?,S,3,0,?,?,?,?,?,?,?,B,Y,?,?,?,?,?,?,?,?,?,?,?,?,?,SHEET,1599,1320.0,4880,?,0,?,2
?,C,A,0,0,?,S,2,0,?,?,E,?,?,?,?,?,Y,?,?,?,?,?,?,?,?,?,?,?,?,?,SHEET,300,0610.0,4880,Y,0,?,3
?,C,A,0,0,?,S,2,0,?,?,G,?,?,?,?,?,?,?,?,?,?,?,?,?,?,?,?,?,?,?,SHEET,400,0610.0,762,N,0,?,3
?,C,R,0,0,?,S,2,0,?,?,E,?,?,?,?,B,Y,?,?,?,?,?,?,?,?,?,?,?,?,?,SHEET,699,0375.0,612,?,0,?,3
?,C,?,0,0,?,S,1,0,?,?,G,?,?,?,?,?,?,?,?,?,?,?,?,?,?,?,?,?,?,?,COIL,300,0020.0,0,?,0,?,3
?,C,A,0,0,?,S,2,0,?,?,E,?,?,?,?,B,?,?,?,?,?,?,?,?,?,?,?,?,?,?,COIL,400,0610.0,0,?,0,?,3
?,C,A,0,45,?,S,?,0,?,?,D,?,?,?,?,B,?,?,?,?,?,?,?,?,?,?,?,?,?,?,SHEET,1600,0610.0,4880,?,0,?,3
?,C,R,0,0,?,S,2,0,?,?,E,?,?,Y,?,?,?,?,?,?,?,?,?,?,?,?,?,?,?,?,SHEET,1601,1320.0,4880,?,0,?,3
?,C,A,0,0,?,S,2,0,?,?,E,?,?,?,?,?,?,?,?,?,?,?,?,?,?,?,Y,?,?,?,COIL,3201,0609.9,0,?,0,?,3
?,C,K,45,0,?,?,?,0,?,?,?,?,?,?,?,M,?,?,?,?,?,?,?,?,?,?,?,?,?,?,COIL,2300,0900.0,0,?,600,?,3
?,C,R,0,0,?,S,2,0,?,?,E,?,?,?,?,?,Y,?,?,?,?,?,?,?,?,?,?,?,?,?,SHEET,3200,0150.0,762,?,0,?,3
?,C,V,0,0,?,S,2,0,?,?,?,2,?,?,?,?,?,?,?,?,?,?,?,?,?,?,?,?,?,?,SHEET,800,0610.0,4880,?,0,?,2
TN,C,?,0,0,?,A,1,0,?,?,?,?,?,?,?,?,?,?,C,?,?,?,?,?,?,?,?,?,?,?,COIL,800,0250.0,0,?,0,?,5
?,C,R,0,0,?,S,2,0,?,?,E,?,?,?,?,?,Y,?,?,?,?,?,?,?,?,?,?,?,?,?,SHEET,3200,1300.0,4880,?,0,?,3
?,C,K,55,0,?,?,?,0,?,?,?,?,?,?,?,M,?,?,?,?,?,?,?,?,?,?,?,?,?,?,COIL,3200,0900.0,0,?,600,?,3
?,C,R,0,0,?,S,2,0,?,?,E,?,?,?,?,?,?,?,?,?,?,?,?,?,?,?,?,?,?,?,COIL,900,0966.0,0,?,0,?,3
?,C,A,0,50,T,?,?,0,?,?,G,?,?,?,?,?,?,?,?,?,?,?,?,?,?,?,Y,?,?,?,COIL,1001,0050.0,0,Y,0,?,3
?,C,?,0,0,?,S,1,0,?,?,G,?,?,?,?,?,?,?,?,?,?,?,?,?,?,?,?,?,?,?,SHEET,699,1300.0,4880,?,0,?,3
?,C,A,0,0,?,S,2,0,?,?,E,?,?,?,?,B,?,?,?,?,?,?,?,?,?,?,?,?,?,?,COIL,400,0609.9,0,?,0,?,3
?,C,A,0,0,?,S,2,0,?,?,G,?,?,?,?,B,?,?,?,?,?,?,?,?,?,?,?,?,?,?,SHEET,3200,0610.0,4880,?,0,?,3
?,C,R,0,0,?,S,2,0,?,?,?,?,?,Y,?,?,?,?,?,?,?,?,?,?,?,?,?,?,?,?,SHEET,1599,1500.0,4170,?,0,?,2
