PDB_code,AAWt,Position,AAMt,Class
1STN,A,60,G,destabilizing
1STN,A,60,V,destabilizing
1STN,A,90,S,destabilizing
1STN,D,77,A,destabilizing
1STN,D,77,G,destabilizing
1STN,D,83,A,destabilizing
1STN,D,83,G,destabilizing
1STN,D,95,A,destabilizing
1STN,D,95,G,destabilizing
1STN,E,73,A,destabilizing
1STN,F,61,A,destabilizing
1STN,F,61,G,destabilizing
1STN,F,76,A,destabilizing
1STN,F,76,G,destabilizing
1STN,G,79,S,destabilizing
1STN,I,18,G,destabilizing
1STN,L,25,A,destabilizing
1STN,L,36,A,destabilizing
1STN,L,36,G,destabilizing
1STN,L,37,A,destabilizing
1STN,L,37,G,destabilizing
1STN,L,89,F,destabilizing
1STN,T,33,S,destabilizing
1STN,T,62,A,destabilizing
1STN,T,62,G,destabilizing
1STN,V,23,F,destabilizing
1STN,Y,91,S,destabilizing
1STN,H,124,L,stabilizing
1STN,L,103,A,destabilizing
1STN,N,118,D,destabilizing
1STN,W,140,L,destabilizing
1STN,W,140,Y,destabilizing
1STN,W,140,L,stabilizing
1STN,W,140,F,stabilizing
1STN,W,140,Y,stabilizing
1STN,F,76,W,stabilizing
1STN,L,25,A,stabilizing
1STN,G,79,S,stabilizing
1STN,F,61,G,stabilizing
1STN,F,76,G,stabilizing
1STN,Y,91,S,stabilizing
1STN,F,76,A,stabilizing
1STN,F,61,A,stabilizing
1STN,L,36,G,stabilizing
1STN,L,37,G,stabilizing
1STN,I,18,G,stabilizing
1STN,L,103,A,stabilizing
1STN,L,36,A,stabilizing
1STN,L,37,A,stabilizing
1STN,D,95,G,stabilizing
1STN,D,83,G,stabilizing
1STN,D,77,G,stabilizing
1STN,E,73,A,stabilizing
1STN,T,62,G,stabilizing
1STN,D,83,A,stabilizing
1STN,D,77,A,stabilizing
1STN,D,95,A,stabilizing
1STN,T,62,A,stabilizing
1STN,A,60,G,stabilizing
1STN,T,33,S,stabilizing
1STN,N,118,D,stabilizing
1STN,H,124,L,destabilizing
1STN,A,90,S,stabilizing
1STN,L,89,F,stabilizing
1STN,A,60,V,stabilizing
1STN,V,23,F,stabilizing
1STN,L,7,A,destabilizing
1STN,L,7,G,destabilizing
1STN,H,8,A,destabilizing
1STN,H,8,G,destabilizing
1STN,K,9,A,destabilizing
1STN,K,9,G,destabilizing
1STN,E,10,A,destabilizing
1STN,E,10,G,destabilizing
1STN,P,11,A,destabilizing
1STN,P,11,G,destabilizing
1STN,A,12,G,destabilizing
1STN,T,13,A,destabilizing
1STN,T,13,G,destabilizing
1STN,T,13,V,destabilizing
1STN,L,14,A,destabilizing
1STN,L,14,G,destabilizing
1STN,I,15,A,destabilizing
1STN,I,15,G,destabilizing
1STN,I,15,V,destabilizing
1STN,K,16,A,destabilizing
1STN,K,16,G,destabilizing
1STN,A,17,G,destabilizing
1STN,I,18,A,destabilizing
1STN,I,18,G,destabilizing
1STN,I,18,M,destabilizing
1STN,I,18,V,destabilizing
1STN,D,19,A,destabilizing
1STN,D,19,G,destabilizing
1STN,T,22,A,destabilizing
1STN,T,22,G,destabilizing
1STN,T,22,V,destabilizing
1STN,V,23,A,destabilizing
1STN,V,23,F,destabilizing
1STN,V,23,G,destabilizing
1STN,V,23,T,destabilizing
1STN,K,24,A,destabilizing
1STN,K,24,G,destabilizing
1STN,L,25,A,destabilizing
1STN,L,25,G,destabilizing
1STN,M,26,A,destabilizing
1STN,M,26,G,destabilizing
1STN,Y,27,A,destabilizing
1STN,Y,27,F,destabilizing
1STN,Y,27,G,destabilizing
1STN,Y,27,L,destabilizing
1STN,K,28,A,destabilizing
1STN,K,28,G,destabilizing
1STN,Q,30,A,destabilizing
1STN,Q,30,G,destabilizing
1STN,P,31,A,destabilizing
1STN,P,31,G,destabilizing
1STN,M,32,A,destabilizing
1STN,M,32,G,destabilizing
1STN,T,33,A,destabilizing
1STN,T,33,G,destabilizing
1STN,T,33,S,destabilizing
1STN,F,34,A,destabilizing
1STN,R,35,A,destabilizing
1STN,R,35,G,destabilizing
1STN,L,36,A,destabilizing
1STN,L,36,G,destabilizing
1STN,L,37,A,destabilizing
1STN,L,37,G,destabilizing
1STN,L,38,A,destabilizing
1STN,L,38,G,destabilizing
1STN,V,39,A,destabilizing
1STN,V,39,G,destabilizing
1STN,V,39,T,destabilizing
1STN,D,40,G,destabilizing
1STN,T,41,G,destabilizing
1STN,P,42,G,destabilizing
1STN,T,44,A,destabilizing
1STN,T,44,G,destabilizing
1STN,H,46,A,destabilizing
1STN,H,46,G,destabilizing
1STN,P,47,A,destabilizing
1STN,P,47,G,destabilizing
1STN,K,49,A,destabilizing
1STN,K,49,G,destabilizing
1STN,V,51,A,destabilizing
1STN,V,51,G,destabilizing
1STN,E,52,A,destabilizing
1STN,E,52,G,destabilizing
1STN,K,53,A,destabilizing
1STN,K,53,G,destabilizing
1STN,Y,54,A,destabilizing
1STN,Y,54,F,destabilizing
1STN,Y,54,G,destabilizing
1STN,Y,54,L,destabilizing
1STN,P,56,G,destabilizing
1STN,E,57,A,destabilizing
1STN,E,57,G,destabilizing
1STN,A,58,G,destabilizing
1STN,S,59,G,destabilizing
1STN,A,60,G,destabilizing
1STN,A,60,V,destabilizing
1STN,F,61,A,destabilizing
1STN,F,61,G,destabilizing
1STN,T,62,A,destabilizing
1STN,T,62,G,destabilizing
1STN,T,62,V,destabilizing
1STN,K,63,A,destabilizing
1STN,K,63,G,destabilizing
1STN,K,64,G,destabilizing
1STN,M,65,A,destabilizing
1STN,M,65,G,destabilizing
1STN,V,66,A,destabilizing
1STN,V,66,G,destabilizing
1STN,V,66,T,destabilizing
1STN,E,67,A,destabilizing
1STN,E,67,G,destabilizing
1STN,N,68,A,destabilizing
1STN,N,68,G,destabilizing
1STN,A,69,G,destabilizing
1STN,K,70,A,destabilizing
1STN,K,70,G,destabilizing
1STN,K,71,A,destabilizing
1STN,K,71,G,destabilizing
1STN,I,72,A,destabilizing
1STN,I,72,V,destabilizing
1STN,E,73,A,destabilizing
1STN,E,73,G,destabilizing
1STN,V,74,A,destabilizing
1STN,V,74,T,destabilizing
1STN,E,75,A,destabilizing
1STN,E,75,G,destabilizing
1STN,F,76,A,destabilizing
1STN,F,76,G,destabilizing
1STN,D,77,A,destabilizing
1STN,D,77,G,destabilizing
1STN,K,78,A,destabilizing
1STN,K,78,G,destabilizing
1STN,G,79,S,destabilizing
1STN,Q,80,A,destabilizing
1STN,Q,80,G,destabilizing
1STN,R,81,A,destabilizing
1STN,R,81,G,destabilizing
1STN,T,82,A,destabilizing
1STN,T,82,G,destabilizing
1STN,D,83,A,destabilizing
1STN,D,83,G,destabilizing
1STN,K,84,G,destabilizing
1STN,Y,85,A,destabilizing
1STN,Y,85,G,destabilizing
1STN,Y,85,L,destabilizing
1STN,R,87,A,destabilizing
1STN,R,87,G,destabilizing
1STN,L,89,A,destabilizing
1STN,L,89,F,destabilizing
1STN,L,89,G,destabilizing
1STN,A,90,G,destabilizing
1STN,A,90,S,destabilizing
1STN,Y,91,A,destabilizing
1STN,Y,91,F,destabilizing
1STN,Y,91,L,destabilizing
1STN,Y,91,S,destabilizing
1STN,I,92,A,destabilizing
1STN,I,92,V,destabilizing
1STN,Y,93,F,destabilizing
1STN,Y,93,G,destabilizing
1STN,Y,93,L,destabilizing
1STN,A,94,G,destabilizing
1STN,D,95,A,destabilizing
1STN,D,95,G,destabilizing
1STN,K,97,A,destabilizing
1STN,K,97,G,destabilizing
1STN,M,98,A,destabilizing
1STN,M,98,G,destabilizing
1STN,V,99,A,destabilizing
1STN,V,99,G,destabilizing
1STN,V,99,T,destabilizing
1STN,N,100,A,destabilizing
1STN,N,100,G,destabilizing
1STN,E,101,A,destabilizing
1STN,E,101,G,destabilizing
1STN,A,102,G,destabilizing
1STN,L,103,A,destabilizing
1STN,V,104,A,destabilizing
1STN,V,104,T,destabilizing
1STN,R,105,A,destabilizing
1STN,R,105,G,destabilizing
1STN,Q,106,G,destabilizing
1STN,L,108,A,destabilizing
1STN,A,109,G,destabilizing
1STN,K,110,A,destabilizing
1STN,K,110,G,destabilizing
1STN,V,111,A,destabilizing
1STN,V,111,G,destabilizing
1STN,V,111,T,destabilizing
1STN,Y,113,G,destabilizing
1STN,V,114,G,destabilizing
1STN,V,114,T,destabilizing
1STN,Y,115,A,destabilizing
1STN,Y,115,F,destabilizing
1STN,Y,115,G,destabilizing
1STN,Y,115,L,destabilizing
1STN,N,118,A,destabilizing
1STN,N,118,D,destabilizing
1STN,N,118,G,destabilizing
1STN,N,119,A,destabilizing
1STN,N,119,G,destabilizing
1STN,T,120,A,destabilizing
1STN,T,120,G,destabilizing
1STN,T,120,V,destabilizing
1STN,H,121,A,destabilizing
1STN,H,121,G,destabilizing
1STN,E,122,A,destabilizing
1STN,E,122,G,destabilizing
1STN,Q,123,A,destabilizing
1STN,Q,123,G,destabilizing
1STN,H,124,G,destabilizing
1STN,L,125,A,destabilizing
1STN,R,126,A,destabilizing
1STN,R,126,G,destabilizing
1STN,K,127,G,destabilizing
1STN,S,128,G,destabilizing
1STN,E,129,A,destabilizing
1STN,E,129,G,destabilizing
1STN,A,130,G,destabilizing
1STN,Q,131,A,destabilizing
1STN,Q,131,G,destabilizing
1STN,A,132,G,destabilizing
1STN,K,133,A,destabilizing
1STN,K,133,G,destabilizing
1STN,K,134,G,destabilizing
1STN,E,135,A,destabilizing
1STN,E,135,G,destabilizing
1STN,K,136,A,destabilizing
1STN,K,136,G,destabilizing
1STN,L,137,A,destabilizing
1STN,L,137,G,destabilizing
1STN,N,138,A,destabilizing
1STN,I,139,A,destabilizing
1STN,I,139,G,destabilizing
1STN,I,139,V,destabilizing
1STN,W,140,F,destabilizing
1STN,W,140,H,destabilizing
1STN,W,140,L,destabilizing
1STN,W,140,Y,destabilizing
1STN,S,141,A,destabilizing
1STN,S,141,G,destabilizing
1STN,K,6,A,stabilizing
1STN,K,6,G,stabilizing
1STN,D,21,A,stabilizing
1STN,D,21,G,stabilizing
1STN,T,33,V,stabilizing
1STN,D,40,A,stabilizing
1STN,T,41,V,stabilizing
1STN,P,42,A,stabilizing
1STN,E,43,A,stabilizing
1STN,E,43,G,stabilizing
1STN,T,44,V,stabilizing
1STN,K,45,A,stabilizing
1STN,K,45,G,stabilizing
1STN,K,48,A,stabilizing
1STN,K,48,G,stabilizing
1STN,V,51,T,stabilizing
1STN,S,59,A,stabilizing
1STN,K,64,A,stabilizing
1STN,V,66,L,stabilizing
1STN,T,82,V,stabilizing
1STN,K,84,A,stabilizing
1STN,G,88,V,stabilizing
1STN,Q,106,A,stabilizing
1STN,Y,113,L,stabilizing
1STN,K,116,A,stabilizing
1STN,K,116,G,stabilizing
1STN,P,117,A,stabilizing
1STN,P,117,G,stabilizing
1STN,H,124,A,stabilizing
1STN,H,124,L,stabilizing
1STN,K,127,A,stabilizing
1STN,S,128,A,stabilizing
1STN,K,134,A,stabilizing
1STN,N,138,G,stabilizing
1STN,G,88,V,stabilizing
1STN,I,18,M,destabilizing
1STN,V,66,L,stabilizing
1STN,E,10,A,small
1STN,E,10,G,small
1STN,E,10,K,small
1STN,E,10,Q,small
1STN,P,11,A,small
1STN,P,11,F,small
1STN,P,11,G,small
1STN,A,12,G,small
1STN,A,12,V,small
1STN,T,13,A,small
1STN,T,13,C,small
1STN,T,13,G,small
1STN,T,13,I,small
1STN,T,13,S,small
1STN,T,13,V,small
1STN,L,14,A,small
1STN,L,14,G,small
1STN,L,14,I,small
1STN,L,14,V,small
1STN,I,15,A,small
1STN,I,15,G,small
1STN,I,15,L,small
1STN,I,15,M,small
1STN,I,15,V,small
1STN,K,16,A,small
1STN,K,16,F,small
1STN,K,16,G,small
1STN,A,17,G,small
1STN,A,17,V,small
1STN,I,18,A,small
1STN,I,18,G,small
1STN,I,18,L,small
1STN,I,18,M,small
1STN,I,18,V,small
1STN,D,19,A,small
1STN,D,19,F,small
1STN,D,19,G,small
1STN,D,19,K,small
1STN,D,19,N,small
1STN,G,20,A,small
1STN,G,20,E,small
1STN,G,20,V,small
1STN,D,21,A,small
1STN,D,21,G,small
1STN,T,22,A,small
1STN,T,22,C,small
1STN,T,22,G,small
1STN,T,22,I,small
1STN,T,22,S,small
1STN,T,22,V,small
1STN,V,23,A,small
1STN,V,23,E,small
1STN,V,23,F,small
1STN,V,23,G,small
1STN,V,23,I,small
1STN,V,23,L,small
1STN,V,23,S,small
1STN,V,23,T,small
1STN,K,24,A,small
1STN,K,24,F,small
1STN,K,24,G,small
1STN,L,25,A,small
1STN,L,25,E,small
1STN,L,25,G,small
1STN,L,25,I,small
1STN,L,25,V,small
1STN,M,26,A,small
1STN,M,26,G,small
1STN,M,26,I,small
1STN,M,26,L,small
1STN,Y,27,A,small
1STN,Y,27,C,small
1STN,Y,27,D,small
1STN,Y,27,E,small
1STN,Y,27,F,small
1STN,Y,27,G,small
1STN,Y,27,H,small
1STN,Y,27,I,small
1STN,Y,27,K,small
1STN,Y,27,L,small
1STN,Y,27,M,small
1STN,Y,27,N,small
1STN,Y,27,P,small
1STN,Y,27,Q,small
1STN,Y,27,R,small
1STN,Y,27,S,small
1STN,Y,27,T,small
1STN,Y,27,V,small
1STN,Y,27,W,small
1STN,K,28,A,small
1STN,K,28,E,small
1STN,K,28,F,small
1STN,K,28,G,small
1STN,K,28,Q,small
1STN,G,29,A,small
1STN,G,29,C,small
1STN,G,29,F,small
1STN,G,29,V,small
1STN,Q,30,A,small
1STN,Q,30,G,small
1STN,P,31,A,small
1STN,P,31,G,small
1STN,M,32,A,small
1STN,M,32,G,small
1STN,M,32,I,small
1STN,M,32,L,small
1STN,T,33,A,small
1STN,T,33,C,small
1STN,T,33,G,small
1STN,T,33,I,small
1STN,T,33,S,small
1STN,T,33,V,small
1STN,F,34,A,small
1STN,F,34,E,small
1STN,F,34,G,small
1STN,R,35,A,small
1STN,R,35,G,small
1STN,L,36,A,small
1STN,L,36,E,small
1STN,L,36,G,small
1STN,L,36,I,small
1STN,L,36,V,small
1STN,L,37,A,small
1STN,L,37,E,small
1STN,L,37,G,small
1STN,L,37,I,small
1STN,L,37,V,small
1STN,L,38,A,small
1STN,L,38,E,small
1STN,L,38,G,small
1STN,L,38,I,small
1STN,L,38,V,small
1STN,V,39,A,small
1STN,V,39,E,small
1STN,V,39,G,small
1STN,V,39,I,small
1STN,V,39,L,small
1STN,V,39,S,small
1STN,V,39,T,small
1STN,D,40,A,small
1STN,D,40,G,small
1STN,T,41,A,small
1STN,T,41,C,small
1STN,T,41,E,small
1STN,T,41,G,small
1STN,T,41,I,small
1STN,T,41,S,small
1STN,T,41,V,small
1STN,P,42,A,small
1STN,P,42,G,small
1STN,E,43,A,small
1STN,E,43,D,small
1STN,E,43,G,small
1STN,T,44,A,small
1STN,T,44,C,small
1STN,T,44,G,small
1STN,T,44,I,small
1STN,T,44,S,small
1STN,T,44,V,small
1STN,K,45,A,small
1STN,K,45,G,small
1STN,H,46,A,small
1STN,H,46,G,small
1STN,P,47,A,small
1STN,P,47,F,small
1STN,P,47,G,small
1STN,K,48,A,small
1STN,K,48,E,small
1STN,K,48,F,small
1STN,K,48,G,small
1STN,K,48,Q,small
1STN,K,49,A,small
1STN,K,49,F,small
1STN,K,49,G,small
1STN,G,50,A,small
1STN,G,50,C,small
1STN,G,50,F,small
1STN,G,50,V,small
1STN,V,51,A,small
1STN,V,51,G,small
1STN,V,51,I,small
1STN,V,51,L,small
1STN,V,51,S,small
1STN,V,51,T,small
1STN,E,52,A,small
1STN,E,52,F,small
1STN,E,52,G,small
1STN,K,53,A,small
1STN,K,53,G,small
1STN,Y,54,A,small
1STN,Y,54,F,small
1STN,Y,54,G,small
1STN,Y,54,L,small
1STN,G,55,A,small
1STN,G,55,V,small
1STN,P,56,A,small
1STN,P,56,G,small
1STN,E,57,A,small
1STN,E,57,C,small
1STN,E,57,F,small
1STN,E,57,G,small
1STN,E,57,K,small
1STN,E,57,Q,small
1STN,A,58,E,small
1STN,A,58,G,small
1STN,A,58,V,small
1STN,S,59,A,small
1STN,S,59,F,small
1STN,S,59,G,small
1STN,A,60,C,small
1STN,A,60,F,small
1STN,A,60,G,small
1STN,A,60,V,small
1STN,F,61,A,small
1STN,F,61,G,small
1STN,T,62,A,small
1STN,T,62,C,small
1STN,T,62,E,small
1STN,T,62,G,small
1STN,T,62,I,small
1STN,T,62,S,small
1STN,T,62,V,small
1STN,K,63,A,small
1STN,K,63,E,small
1STN,K,63,F,small
1STN,K,63,G,small
1STN,K,63,Q,small
1STN,K,64,A,small
1STN,K,64,E,small
1STN,K,64,F,small
1STN,K,64,G,small
1STN,K,64,Q,small
1STN,M,65,A,small
1STN,M,65,F,small
1STN,M,65,G,small
1STN,M,65,I,small
1STN,M,65,L,small
1STN,V,66,A,small
1STN,V,66,G,small
1STN,V,66,I,small
1STN,V,66,K,small
1STN,V,66,L,small
1STN,V,66,M,small
1STN,V,66,S,small
1STN,V,66,T,small
1STN,V,66,W,small
1STN,E,67,A,small
1STN,E,67,F,small
1STN,E,67,G,small
1STN,E,67,Q,small
1STN,N,68,A,small
1STN,N,68,G,small
1STN,A,69,G,small
1STN,A,69,T,small
1STN,A,69,V,small
1STN,K,70,A,small
1STN,K,70,C,small
1STN,K,70,E,small
1STN,K,70,F,small
1STN,K,70,G,small
1STN,K,70,Q,small
1STN,K,70,W,small
1STN,K,71,A,small
1STN,K,71,F,small
1STN,K,71,G,small
1STN,I,72,A,small
1STN,I,72,E,small
1STN,I,72,G,small
1STN,I,72,L,small
1STN,I,72,M,small
1STN,I,72,V,small
1STN,E,73,A,small
1STN,E,73,F,small
1STN,E,73,G,small
1STN,E,73,K,small
1STN,E,73,Q,small
1STN,V,74,A,small
1STN,V,74,E,small
1STN,V,74,G,small
1STN,V,74,I,small
1STN,V,74,L,small
1STN,V,74,S,small
1STN,V,74,T,small
1STN,E,75,A,small
1STN,E,75,G,small
1STN,E,75,K,small
1STN,E,75,Q,small
1STN,E,75,V,small
1STN,F,76,A,small
1STN,F,76,G,small
1STN,D,77,A,small
1STN,D,77,G,small
1STN,D,77,K,small
1STN,D,77,N,small
1STN,K,78,A,small
1STN,K,78,C,small
1STN,K,78,E,small
1STN,K,78,F,small
1STN,K,78,G,small
1STN,K,78,Q,small
1STN,G,79,A,small
1STN,G,79,D,small
1STN,G,79,S,small
1STN,G,79,V,small
1STN,Q,80,A,small
1STN,Q,80,F,small
1STN,Q,80,G,small
1STN,R,81,A,small
1STN,R,81,G,small
1STN,T,82,A,small
1STN,T,82,C,small
1STN,T,82,G,small
1STN,T,82,I,small
1STN,T,82,S,small
1STN,T,82,V,small
1STN,D,83,A,small
1STN,D,83,F,small
1STN,D,83,G,small
1STN,K,84,A,small
1STN,K,84,E,small
1STN,K,84,F,small
1STN,K,84,G,small
1STN,K,84,Q,small
1STN,Y,85,A,small
1STN,Y,85,F,small
1STN,Y,85,G,small
1STN,Y,85,L,small
1STN,G,86,A,small
1STN,G,86,F,small
1STN,G,86,V,small
1STN,R,87,A,small
1STN,R,87,G,small
1STN,G,88,A,small
1STN,G,88,V,small
1STN,G,88,W,small
1STN,L,89,A,small
1STN,L,89,G,small
1STN,L,89,I,small
1STN,L,89,V,small
1STN,A,90,E,small
1STN,A,90,G,small
1STN,A,90,S,small
1STN,A,90,V,small
1STN,Y,91,A,small
1STN,Y,91,E,small
1STN,Y,91,F,small
1STN,Y,91,G,small
1STN,Y,91,L,small
1STN,I,92,A,small
1STN,I,92,G,small
1STN,I,92,L,small
1STN,I,92,M,small
1STN,I,92,V,small
1STN,Y,93,A,small
1STN,Y,93,F,small
1STN,Y,93,G,small
1STN,Y,93,L,small
1STN,A,94,G,small
1STN,A,94,V,small
1STN,D,95,A,small
1STN,D,95,F,small
1STN,D,95,G,small
1STN,G,96,A,small
1STN,G,96,F,small
1STN,G,96,V,small
1STN,K,97,A,small
1STN,K,97,E,small
1STN,K,97,F,small
1STN,K,97,G,small
1STN,K,97,Q,small
1STN,M,98,A,small
1STN,M,98,G,small
1STN,M,98,I,small
1STN,V,99,A,small
1STN,V,99,G,small
1STN,V,99,I,small
1STN,V,99,L,small
1STN,V,99,S,small
1STN,V,99,T,small
1STN,N,100,A,small
1STN,N,100,G,small
1STN,E,101,A,small
1STN,E,101,F,small
1STN,E,101,G,small
1STN,A,102,F,small
1STN,A,102,G,small
1STN,A,102,V,small
1STN,L,103,A,small
1STN,L,103,E,small
1STN,L,103,G,small
1STN,L,103,I,small
1STN,L,103,V,small
1STN,V,104,A,small
1STN,V,104,G,small
1STN,V,104,I,small
1STN,V,104,L,small
1STN,V,104,S,small
1STN,V,104,T,small
1STN,R,105,A,small
1STN,R,105,C,small
1STN,R,105,F,small
1STN,R,105,G,small
1STN,Q,106,A,small
1STN,Q,106,G,small
1STN,G,107,A,small
1STN,L,108,A,small
1STN,L,108,G,small
1STN,L,108,I,small
1STN,L,108,V,small
1STN,A,109,E,small
1STN,A,109,G,small
1STN,A,109,V,small
1STN,K,110,A,small
1STN,K,110,G,small
1STN,V,111,A,small
1STN,V,111,G,small
1STN,V,111,I,small
1STN,V,111,L,small
1STN,V,111,S,small
1STN,V,111,T,small
1STN,A,112,C,small
1STN,A,112,F,small
1STN,A,112,G,small
1STN,A,112,V,small
1STN,Y,113,A,small
1STN,Y,113,F,small
1STN,Y,113,G,small
1STN,Y,113,L,small
1STN,V,114,A,small
1STN,V,114,G,small
1STN,V,114,I,small
1STN,V,114,L,small
1STN,V,114,S,small
1STN,V,114,T,small
1STN,Y,115,A,small
1STN,Y,115,F,small
1STN,Y,115,G,small
1STN,Y,115,L,small
1STN,K,116,A,small
1STN,K,116,F,small
1STN,P,117,A,small
1STN,P,117,F,small
1STN,P,117,L,small
1STN,N,118,A,small
1STN,N,118,D,small
1STN,N,118,E,small
1STN,N,118,G,small
1STN,N,119,A,small
1STN,N,119,G,small
1STN,T,120,A,small
1STN,T,120,C,small
1STN,T,120,G,small
1STN,T,120,I,small
1STN,T,120,S,small
1STN,T,120,V,small
1STN,H,121,A,small
1STN,H,121,G,small
1STN,E,122,A,small
1STN,E,122,F,small
1STN,E,122,G,small
1STN,E,122,K,small
1STN,E,122,Q,small
1STN,Q,123,A,small
1STN,Q,123,F,small
1STN,Q,123,G,small
1STN,H,124,A,small
1STN,H,124,E,small
1STN,H,124,F,small
1STN,H,124,G,small
1STN,H,124,Q,small
1STN,L,125,A,small
1STN,L,125,G,small
1STN,L,125,I,small
1STN,L,125,V,small
1STN,R,126,A,small
1STN,R,126,G,small
1STN,K,127,A,small
1STN,K,127,E,small
1STN,K,127,F,small
1STN,K,127,G,small
1STN,K,127,Q,small
1STN,S,128,A,small
1STN,S,128,F,small
1STN,S,128,G,small
1STN,E,129,A,small
1STN,E,129,F,small
1STN,E,129,G,small
1STN,A,130,G,small
1STN,A,130,V,small
1STN,Q,131,A,small
1STN,Q,131,F,small
1STN,Q,131,G,small
1STN,A,132,E,small
1STN,A,132,G,small
1STN,A,132,V,small
1STN,K,133,A,small
1STN,K,133,F,small
1STN,K,133,G,small
1STN,K,133,Q,small
1STN,K,134,A,small
1STN,K,134,C,small
1STN,K,134,F,small
1STN,K,134,G,small
1STN,E,135,A,small
1STN,E,135,F,small
1STN,E,135,G,small
1STN,E,135,K,small
1STN,E,135,Q,small
1STN,K,136,A,small
1STN,K,136,F,small
1STN,K,136,G,small
1STN,L,137,A,small
1STN,L,137,G,small
1STN,L,137,I,small
1STN,L,137,V,small
1STN,N,138,A,small
1STN,N,138,G,small
1STN,I,139,A,small
1STN,I,139,G,small
1STN,I,139,L,small
1STN,I,139,M,small
1STN,I,139,V,small
1STN,S,141,A,small
1STN,S,141,G,small
1STN,K,6,A,small
1STN,K,6,G,small
1STN,L,7,A,small
1STN,L,7,G,small
1STN,L,7,I,small
1STN,L,7,V,small
1STN,H,8,A,small
1STN,H,8,G,small
1STN,K,9,A,small
1STN,K,9,F,small
1STN,K,9,G,small
1STN,A,60,C,stabilizing
1STN,A,112,C,stabilizing
1STN,A,60,F,stabilizing
1STN,A,102,F,stabilizing
1STN,A,112,F,stabilizing
1STN,A,12,G,stabilizing
1STN,A,17,G,stabilizing
1STN,A,58,G,stabilizing
1STN,A,69,G,stabilizing
1STN,A,90,G,stabilizing
1STN,A,94,G,stabilizing
1STN,A,102,G,stabilizing
1STN,A,109,G,stabilizing
1STN,A,130,G,stabilizing
1STN,A,132,G,stabilizing
1STN,A,69,T,stabilizing
1STN,A,12,V,stabilizing
1STN,A,17,V,stabilizing
1STN,A,58,V,stabilizing
1STN,A,69,V,stabilizing
1STN,A,90,V,stabilizing
1STN,A,94,V,stabilizing
1STN,A,102,V,stabilizing
1STN,A,109,V,stabilizing
1STN,A,112,V,stabilizing
1STN,A,130,V,stabilizing
1STN,A,132,V,stabilizing
1STN,D,19,A,stabilizing
1STN,D,21,A,destabilizing
1STN,D,40,A,destabilizing
1STN,D,19,F,stabilizing
1STN,D,83,F,stabilizing
1STN,D,95,F,stabilizing
1STN,D,19,G,stabilizing
1STN,D,21,G,destabilizing
1STN,D,40,G,stabilizing
1STN,D,19,K,stabilizing
1STN,D,21,K,destabilizing
1STN,D,77,K,stabilizing
1STN,D,19,N,stabilizing
1STN,D,21,N,destabilizing
1STN,D,77,N,stabilizing
1STN,E,10,A,stabilizing
1STN,E,43,A,destabilizing
1STN,E,52,A,stabilizing
1STN,E,57,A,stabilizing
1STN,E,67,A,stabilizing
1STN,E,75,A,stabilizing
1STN,E,101,A,stabilizing
1STN,E,122,A,stabilizing
1STN,E,129,A,stabilizing
1STN,E,135,A,stabilizing
1STN,E,57,C,stabilizing
1STN,E,43,D,destabilizing
1STN,E,52,F,stabilizing
1STN,E,57,F,stabilizing
1STN,E,67,F,stabilizing
1STN,E,73,F,stabilizing
1STN,E,101,F,stabilizing
1STN,E,122,F,stabilizing
1STN,E,129,F,stabilizing
1STN,E,135,F,stabilizing
1STN,E,10,G,stabilizing
1STN,E,43,G,destabilizing
1STN,E,52,G,stabilizing
1STN,E,57,G,stabilizing
1STN,E,67,G,stabilizing
1STN,E,73,G,stabilizing
1STN,E,75,G,stabilizing
1STN,E,101,G,stabilizing
1STN,E,122,G,stabilizing
1STN,E,129,G,stabilizing
1STN,E,135,G,stabilizing
1STN,E,10,K,stabilizing
1STN,E,57,K,stabilizing
1STN,E,73,K,stabilizing
1STN,E,75,K,stabilizing
1STN,E,122,K,stabilizing
1STN,E,135,K,stabilizing
1STN,E,10,Q,stabilizing
1STN,E,57,Q,stabilizing
1STN,E,67,Q,stabilizing
1STN,E,73,Q,stabilizing
1STN,E,75,Q,stabilizing
1STN,E,122,Q,stabilizing
1STN,E,135,Q,stabilizing
1STN,E,75,V,stabilizing
1STN,F,34,A,stabilizing
1STN,F,34,G,stabilizing
1STN,G,20,A,stabilizing
1STN,G,29,A,stabilizing
1STN,G,50,A,destabilizing
1STN,G,55,A,stabilizing
1STN,G,79,A,stabilizing
1STN,G,86,A,stabilizing
1STN,G,88,A,stabilizing
1STN,G,96,A,stabilizing
1STN,G,107,A,stabilizing
1STN,G,29,C,stabilizing
1STN,G,50,C,stabilizing
1STN,G,79,D,stabilizing
1STN,G,29,F,stabilizing
1STN,G,50,F,stabilizing
1STN,G,86,F,stabilizing
1STN,G,96,F,stabilizing
1STN,G,20,V,stabilizing
1STN,G,29,V,stabilizing
1STN,G,50,V,stabilizing
1STN,G,55,V,stabilizing
1STN,G,79,V,stabilizing
1STN,G,86,V,stabilizing
1STN,G,96,V,stabilizing
1STN,G,107,V,stabilizing
1STN,G,88,W,stabilizing
1STN,H,8,A,stabilizing
1STN,H,46,A,stabilizing
1STN,H,121,A,stabilizing
1STN,H,124,A,destabilizing
1STN,H,124,E,destabilizing
1STN,H,124,F,destabilizing
1STN,H,8,G,stabilizing
1STN,H,46,G,stabilizing
1STN,H,121,G,stabilizing
1STN,H,124,G,stabilizing
1STN,H,124,Q,destabilizing
1STN,I,15,A,stabilizing
1STN,I,18,A,stabilizing
1STN,I,72,A,stabilizing
1STN,I,92,A,stabilizing
1STN,I,139,A,stabilizing
1STN,I,15,G,stabilizing
1STN,I,72,G,stabilizing
1STN,I,92,G,stabilizing
1STN,I,139,G,stabilizing
1STN,I,15,L,stabilizing
1STN,I,18,L,stabilizing
1STN,I,72,L,stabilizing
1STN,I,92,L,stabilizing
1STN,I,139,L,stabilizing
1STN,I,15,M,stabilizing
1STN,I,18,M,stabilizing
1STN,I,72,M,stabilizing
1STN,I,92,M,stabilizing
1STN,I,139,M,stabilizing
1STN,I,15,V,stabilizing
1STN,I,18,V,stabilizing
1STN,I,72,V,stabilizing
1STN,I,92,V,stabilizing
1STN,I,139,V,stabilizing
1STN,K,9,A,stabilizing
1STN,K,16,A,stabilizing
1STN,K,24,A,stabilizing
1STN,K,28,A,stabilizing
1STN,K,45,A,destabilizing
1STN,K,49,A,stabilizing
1STN,K,53,A,stabilizing
1STN,K,63,A,stabilizing
1STN,K,64,A,destabilizing
1STN,K,70,A,stabilizing
1STN,K,71,A,stabilizing
1STN,K,78,A,stabilizing
1STN,K,97,A,stabilizing
1STN,K,110,A,stabilizing
1STN,K,116,A,destabilizing
1STN,K,127,A,destabilizing
1STN,K,133,A,stabilizing
1STN,K,134,A,destabilizing
1STN,K,136,A,stabilizing
1STN,K,70,C,stabilizing
1STN,K,78,C,stabilizing
1STN,K,134,C,stabilizing
1STN,K,28,E,stabilizing
1STN,K,63,E,stabilizing
1STN,K,64,E,stabilizing
1STN,K,70,E,stabilizing
1STN,K,78,E,stabilizing
1STN,K,97,E,stabilizing
1STN,K,9,F,stabilizing
1STN,K,16,F,stabilizing
1STN,K,24,F,stabilizing
1STN,K,28,F,stabilizing
1STN,K,63,F,stabilizing
1STN,K,64,F,stabilizing
1STN,K,70,F,stabilizing
1STN,K,78,F,destabilizing
1STN,K,97,F,stabilizing
1STN,K,116,F,stabilizing
1STN,K,127,F,stabilizing
1STN,K,133,F,stabilizing
1STN,K,134,F,stabilizing
1STN,K,136,F,stabilizing
1STN,K,9,G,stabilizing
1STN,K,16,G,stabilizing
1STN,K,24,G,stabilizing
1STN,K,28,G,stabilizing
1STN,K,45,G,destabilizing
1STN,K,49,G,stabilizing
1STN,K,53,G,stabilizing
1STN,K,63,G,stabilizing
1STN,K,64,G,stabilizing
1STN,K,70,G,stabilizing
1STN,K,71,G,stabilizing
1STN,K,78,G,stabilizing
1STN,K,97,G,stabilizing
1STN,K,110,G,stabilizing
1STN,K,116,G,destabilizing
1STN,K,127,G,stabilizing
1STN,K,133,G,stabilizing
1STN,K,134,G,stabilizing
1STN,K,136,G,stabilizing
1STN,K,136,G,destabilizing
1STN,K,28,Q,stabilizing
1STN,K,63,Q,stabilizing
1STN,K,70,Q,stabilizing
1STN,K,78,Q,stabilizing
1STN,K,97,Q,stabilizing
1STN,K,133,Q,stabilizing
1STN,K,70,W,stabilizing
1STN,L,14,A,stabilizing
1STN,L,38,A,stabilizing
1STN,L,89,A,stabilizing
1STN,L,108,A,stabilizing
1STN,L,125,A,stabilizing
1STN,L,137,A,stabilizing
1STN,L,7,G,stabilizing
1STN,L,14,G,stabilizing
1STN,L,25,G,stabilizing
1STN,L,38,G,stabilizing
1STN,L,89,G,stabilizing
1STN,L,103,G,stabilizing
1STN,L,108,G,stabilizing
1STN,L,125,G,stabilizing
1STN,L,137,G,stabilizing
1STN,L,7,I,stabilizing
1STN,L,14,I,stabilizing
1STN,L,25,I,stabilizing
1STN,L,36,I,stabilizing
1STN,L,37,I,stabilizing
1STN,L,38,I,stabilizing
1STN,L,89,I,stabilizing
1STN,L,103,I,stabilizing
1STN,L,108,I,stabilizing
1STN,L,125,I,stabilizing
1STN,L,137,I,stabilizing
1STN,L,7,V,stabilizing
1STN,L,14,V,stabilizing
1STN,L,25,V,stabilizing
1STN,L,36,V,stabilizing
1STN,L,37,V,stabilizing
1STN,L,38,V,stabilizing
1STN,L,89,V,stabilizing
1STN,L,103,V,stabilizing
1STN,L,108,V,stabilizing
1STN,L,125,V,stabilizing
1STN,L,137,V,stabilizing
1STN,M,26,A,stabilizing
1STN,M,32,A,stabilizing
1STN,M,65,A,stabilizing
1STN,M,98,A,stabilizing
1STN,M,65,F,stabilizing
1STN,M,26,G,stabilizing
1STN,M,32,G,stabilizing
1STN,M,65,G,stabilizing
1STN,M,98,G,stabilizing
1STN,M,26,I,stabilizing
1STN,M,32,I,stabilizing
1STN,M,98,I,stabilizing
1STN,M,26,L,stabilizing
1STN,M,32,L,stabilizing
1STN,M,65,L,stabilizing
1STN,N,68,A,stabilizing
1STN,N,100,A,stabilizing
1STN,N,118,A,stabilizing
1STN,N,119,A,stabilizing
1STN,N,138,A,stabilizing
1STN,N,68,G,stabilizing
1STN,N,100,G,stabilizing
1STN,N,118,G,stabilizing
1STN,N,119,G,stabilizing
1STN,N,138,G,destabilizing
1STN,P,11,A,stabilizing
1STN,P,31,A,stabilizing
1STN,P,42,A,destabilizing
1STN,P,117,A,destabilizing
1STN,P,11,F,stabilizing
1STN,P,117,F,destabilizing
1STN,P,11,G,stabilizing
1STN,P,31,G,stabilizing
1STN,P,42,G,stabilizing
1STN,P,56,G,stabilizing
1STN,P,117,G,destabilizing
1STN,P,117,L,destabilizing
1STN,P,117,T,destabilizing
1STN,Q,30,A,stabilizing
1STN,Q,80,A,stabilizing
1STN,Q,106,A,destabilizing
1STN,Q,123,A,stabilizing
1STN,Q,131,A,stabilizing
1STN,Q,80,F,stabilizing
1STN,Q,123,F,stabilizing
1STN,Q,131,F,stabilizing
1STN,Q,30,G,stabilizing
1STN,Q,80,G,stabilizing
1STN,Q,106,G,stabilizing
1STN,Q,123,G,stabilizing
1STN,Q,131,G,stabilizing
1STN,R,35,A,stabilizing
1STN,R,81,A,stabilizing
1STN,R,87,A,stabilizing
1STN,R,105,A,stabilizing
1STN,R,126,A,stabilizing
1STN,R,105,C,stabilizing
1STN,R,105,F,stabilizing
1STN,R,35,G,stabilizing
1STN,R,81,G,stabilizing
1STN,R,87,G,stabilizing
1STN,R,105,G,stabilizing
1STN,R,126,G,stabilizing
1STN,S,59,A,destabilizing
1STN,S,128,A,destabilizing
1STN,S,141,A,stabilizing
1STN,S,128,F,stabilizing
1STN,S,59,G,stabilizing
1STN,S,128,G,stabilizing
1STN,S,141,G,stabilizing
1STN,T,13,A,stabilizing
1STN,T,22,A,stabilizing
1STN,T,33,A,stabilizing
1STN,T,44,A,stabilizing
1STN,T,82,A,stabilizing
1STN,T,120,A,stabilizing
1STN,T,13,C,stabilizing
1STN,T,22,C,stabilizing
1STN,T,33,C,stabilizing
1STN,T,41,C,destabilizing
1STN,T,44,C,stabilizing
1STN,T,62,C,stabilizing
1STN,T,82,C,stabilizing
1STN,T,120,C,stabilizing
1STN,T,13,G,stabilizing
1STN,T,22,G,stabilizing
1STN,T,33,G,stabilizing
1STN,T,41,G,stabilizing
1STN,T,44,G,stabilizing
1STN,T,82,G,stabilizing
1STN,T,120,G,stabilizing
1STN,T,13,I,stabilizing
1STN,T,22,I,stabilizing
1STN,T,33,I,destabilizing
1STN,T,41,I,destabilizing
1STN,T,44,I,stabilizing
1STN,T,62,I,stabilizing
1STN,T,82,I,destabilizing
1STN,T,120,I,stabilizing
1STN,T,13,S,stabilizing
1STN,T,22,S,stabilizing
1STN,T,41,S,stabilizing
1STN,T,62,S,stabilizing
1STN,T,82,S,stabilizing
1STN,T,120,S,stabilizing
1STN,T,13,V,stabilizing
1STN,T,22,V,stabilizing
1STN,T,33,V,destabilizing
1STN,T,41,V,destabilizing
1STN,T,44,V,destabilizing
1STN,T,62,V,stabilizing
1STN,T,82,V,destabilizing
1STN,T,120,V,stabilizing
1STN,V,23,A,stabilizing
1STN,V,39,A,stabilizing
1STN,V,51,A,stabilizing
1STN,V,66,A,stabilizing
1STN,V,74,A,stabilizing
1STN,V,99,A,stabilizing
1STN,V,104,A,stabilizing
1STN,V,111,A,stabilizing
1STN,V,23,G,stabilizing
1STN,V,39,G,stabilizing
1STN,V,51,G,stabilizing
1STN,V,66,G,stabilizing
1STN,V,74,G,stabilizing
1STN,V,99,G,stabilizing
1STN,V,104,G,stabilizing
1STN,V,111,G,stabilizing
1STN,V,114,G,stabilizing
1STN,V,23,I,stabilizing
1STN,V,39,I,destabilizing
1STN,V,51,I,destabilizing
1STN,V,66,I,stabilizing
1STN,V,74,I,stabilizing
1STN,V,99,I,stabilizing
1STN,V,104,I,destabilizing
1STN,V,111,I,stabilizing
1STN,V,114,I,stabilizing
1STN,V,66,K,stabilizing
1STN,V,23,L,stabilizing
1STN,V,39,L,stabilizing
1STN,V,51,L,stabilizing
1STN,V,66,L,destabilizing
1STN,V,74,L,stabilizing
1STN,V,99,L,stabilizing
1STN,V,104,L,stabilizing
1STN,V,111,L,stabilizing
1STN,V,114,L,stabilizing
1STN,V,66,M,stabilizing
1STN,V,23,S,stabilizing
1STN,V,39,S,stabilizing
1STN,V,51,S,stabilizing
1STN,V,66,S,stabilizing
1STN,V,74,S,stabilizing
1STN,V,99,S,stabilizing
1STN,V,104,S,stabilizing
1STN,V,111,S,stabilizing
1STN,V,23,T,stabilizing
1STN,V,39,T,stabilizing
1STN,V,51,T,destabilizing
1STN,V,66,T,stabilizing
1STN,V,74,T,stabilizing
1STN,V,99,T,stabilizing
1STN,V,104,T,stabilizing
1STN,V,111,T,stabilizing
1STN,V,114,T,stabilizing
1STN,V,66,W,stabilizing
1STN,Y,27,A,stabilizing
1STN,Y,54,A,stabilizing
1STN,Y,85,A,stabilizing
1STN,Y,91,A,stabilizing
1STN,Y,93,A,stabilizing
1STN,Y,113,A,destabilizing
1STN,Y,115,A,stabilizing
1STN,Y,27,C,stabilizing
1STN,Y,27,D,stabilizing
1STN,Y,27,E,stabilizing
1STN,Y,27,F,stabilizing
1STN,Y,54,F,stabilizing
1STN,Y,85,F,stabilizing
1STN,Y,91,F,stabilizing
1STN,Y,93,F,stabilizing
1STN,Y,115,F,stabilizing
1STN,Y,27,G,stabilizing
1STN,Y,54,G,stabilizing
1STN,Y,85,G,stabilizing
1STN,Y,91,G,stabilizing
1STN,Y,93,G,stabilizing
1STN,Y,113,G,stabilizing
1STN,Y,115,G,stabilizing
1STN,Y,27,H,stabilizing
1STN,Y,27,I,stabilizing
1STN,Y,27,K,stabilizing
1STN,Y,27,L,stabilizing
1STN,Y,54,L,stabilizing
1STN,Y,85,L,stabilizing
1STN,Y,91,L,stabilizing
1STN,Y,93,L,stabilizing
1STN,Y,113,L,destabilizing
1STN,Y,115,L,stabilizing
1STN,Y,27,M,stabilizing
1STN,Y,27,N,stabilizing
1STN,Y,27,P,stabilizing
1STN,Y,27,Q,stabilizing
1STN,Y,27,R,stabilizing
1STN,Y,27,S,stabilizing
1STN,Y,27,T,stabilizing
1STN,Y,27,V,stabilizing
1STN,Y,27,W,stabilizing
1STN,V,104,I,stabilizing
1STN,V,39,I,stabilizing
1STN,A,90,V,destabilizing
1STN,T,62,V,destabilizing
1STN,I,92,V,destabilizing
1STN,I,92,L,destabilizing
1STN,G,55,A,destabilizing
1STN,V,104,L,destabilizing
1STN,V,39,L,destabilizing
1STN,A,109,G,destabilizing
1STN,L,125,I,destabilizing
1STN,T,62,C,destabilizing
1STN,L,103,I,destabilizing
1STN,V,74,L,destabilizing
1STN,I,92,M,destabilizing
1STN,T,62,I,destabilizing
1STN,L,25,I,destabilizing
1STN,V,74,I,destabilizing
1STN,L,25,V,destabilizing
1STN,G,55,V,destabilizing
1STN,A,90,G,destabilizing
1STN,L,103,V,destabilizing
1STN,T,62,S,destabilizing
1STN,V,39,A,destabilizing
1STN,L,125,V,destabilizing
1STN,Y,91,F,destabilizing
1STN,V,104,T,destabilizing
1STN,A,58,G,destabilizing
1STN,N,100,E,destabilizing
1STN,A,58,V,destabilizing
1STN,V,104,A,destabilizing
1STN,L,36,I,destabilizing
1STN,A,109,V,destabilizing
1STN,V,74,A,destabilizing
1STN,V,99,A,destabilizing
1STN,L,36,V,destabilizing
1STN,A,132,G,destabilizing
1STN,F,34,A,destabilizing
1STN,V,74,T,destabilizing
1STN,Y,91,L,destabilizing
1STN,I,92,A,destabilizing
1STN,G,107,A,destabilizing
1STN,V,104,E,destabilizing
1STN,L,25,G,destabilizing
1STN,V,39,G,destabilizing
1STN,A,132,V,destabilizing
1STN,V,104,S,destabilizing
1STN,L,125,A,destabilizing
1STN,T,62,E,destabilizing
1STN,V,99,G,destabilizing
1STN,N,100,G,destabilizing
1STN,N,100,A,destabilizing
1STN,Y,91,A,destabilizing
1STN,V,74,S,destabilizing
1STN,V,39,E,destabilizing
1STN,A,58,E,destabilizing
1STN,L,103,E,destabilizing
1STN,F,34,G,destabilizing
1STN,L,36,E,destabilizing
1STN,A,109,E,destabilizing
1STN,L,125,E,destabilizing
1STN,V,104,G,destabilizing
1STN,F,34,E,destabilizing
1STN,L,103,G,destabilizing
1STN,I,92,G,destabilizing
1STN,V,74,G,destabilizing
1STN,Y,91,G,destabilizing
1STN,L,125,G,destabilizing
1STN,V,99,E,destabilizing
1STN,Y,91,E,destabilizing
1STN,A,132,E,destabilizing
1STN,I,92,E,destabilizing
1STN,V,74,E,destabilizing
1STN,A,90,E,destabilizing
1STN,L,25,E,destabilizing
1STN,G,88,A,destabilizing
1STN,V,99,I,destabilizing
1STN,V,99,L,destabilizing
1STN,G,20,A,destabilizing
1STN,G,88,V,destabilizing
1STN,G,88,W,destabilizing
1STN,G,20,V,destabilizing
1STN,V,99,T,destabilizing
1STN,V,99,S,destabilizing
1STN,G,20,E,destabilizing
1STN,V,23,E,destabilizing
1STN,V,23,L,destabilizing
1STN,V,23,I,destabilizing
1STN,V,23,A,destabilizing
1STN,V,23,T,destabilizing
1STN,V,23,S,destabilizing
1STN,V,23,G,destabilizing
1STN,V,39,T,destabilizing
1STN,V,39,S,destabilizing
1STN,V,66,M,destabilizing
1STN,V,66,I,destabilizing
1STN,V,66,T,destabilizing
1STN,V,66,A,destabilizing
1STN,V,66,S,destabilizing
1STN,V,66,W,destabilizing
1STN,V,66,G,destabilizing
1STN,V,66,K,destabilizing
1STN,A,94,V,destabilizing
1STN,A,94,G,destabilizing
1STN,D,77,N,destabilizing
1STN,D,77,K,destabilizing
1STN,D,19,A,destabilizing
1STN,D,19,N,destabilizing
1STN,D,19,K,destabilizing
1STN,D,19,G,destabilizing
1STN,D,19,F,destabilizing
1STN,L,38,E,destabilizing
1STN,N,118,E,destabilizing
1STN,I,72,E,destabilizing
1STN,T,41,E,destabilizing
1STN,E,75,Q,destabilizing
1STN,E,75,A,destabilizing
1STN,E,75,K,destabilizing
1STN,E,75,V,destabilizing
1STN,E,75,G,destabilizing
1STN,L,37,E,destabilizing
1STN,N,118,G,destabilizing
1STN,N,118,A,destabilizing
1STN,T,41,V,stabilizing
1STN,T,41,I,stabilizing
1STN,T,41,C,stabilizing
1STN,T,41,S,destabilizing
1STN,T,41,G,destabilizing
1STN,L,38,V,destabilizing
1STN,L,38,G,destabilizing
1STN,L,38,A,destabilizing
1STN,L,38,I,destabilizing
1STN,D,21,N,stabilizing
1STN,D,21,K,stabilizing
1STN,D,21,A,stabilizing
1STN,D,21,G,stabilizing
1STN,T,22,S,destabilizing
1STN,T,22,I,destabilizing
1STN,T,22,V,destabilizing
1STN,T,22,C,destabilizing
1STN,T,22,A,destabilizing
1STN,T,22,G,destabilizing
1STN,L,108,I,destabilizing
1STN,L,108,V,destabilizing
1STN,L,108,A,destabilizing
1STN,L,108,G,destabilizing
1STN,I,72,L,destabilizing
1STN,I,72,V,destabilizing
1STN,I,72,M,destabilizing
1STN,I,72,A,destabilizing
1STN,I,72,G,destabilizing
1STN,S,128,A,stabilizing
1STN,S,128,F,destabilizing
1STN,S,128,G,destabilizing
1STN,A,17,G,destabilizing
1STN,A,17,V,destabilizing
1STN,L,37,I,destabilizing
1STN,L,37,V,destabilizing
1STN,A,12,V,destabilizing
1STN,A,12,G,destabilizing
1STN,Y,93,A,destabilizing
1STN,Y,93,G,destabilizing
1STN,Y,93,F,destabilizing
1STN,Y,93,L,destabilizing
1STN,V,111,I,destabilizing
1STN,V,111,L,destabilizing
1STN,V,111,T,destabilizing
1STN,V,111,A,destabilizing
1STN,V,111,S,destabilizing
1STN,V,111,G,destabilizing
1STN,E,129,A,destabilizing
1STN,E,129,G,destabilizing
1STN,E,129,F,destabilizing
1STN,P,42,A,stabilizing
1STN,P,42,G,destabilizing
1STN,A,102,G,destabilizing
1STN,A,102,V,destabilizing
1STN,A,102,F,destabilizing
1STN,G,79,D,destabilizing
1STN,G,79,A,destabilizing
1STN,G,79,V,destabilizing
1STN,M,98,I,destabilizing
1STN,M,98,G,destabilizing
1STN,M,98,A,destabilizing
1STN,A,112,C,destabilizing
1STN,A,112,F,destabilizing
1STN,A,112,V,destabilizing
1STN,Y,27,F,destabilizing
1STN,Y,27,W,destabilizing
1STN,Y,27,L,destabilizing
1STN,Y,27,H,destabilizing
1STN,Y,27,M,destabilizing
1STN,Y,27,I,destabilizing
1STN,Y,27,R,destabilizing
1STN,Y,27,C,destabilizing
1STN,Y,27,S,destabilizing
1STN,Y,27,V,destabilizing
1STN,Y,27,Q,destabilizing
1STN,Y,27,T,destabilizing
1STN,Y,27,A,destabilizing
1STN,Y,27,K,destabilizing
1STN,Y,27,N,destabilizing
1STN,Y,27,E,destabilizing
1STN,Y,27,D,destabilizing
1STN,Y,27,G,destabilizing
1STN,Y,27,P,destabilizing
1STN,S,59,A,stabilizing
1STN,S,59,G,destabilizing
1STN,A,69,G,destabilizing
1STN,A,69,V,destabilizing
1STN,A,69,T,destabilizing
1STN,L,89,I,destabilizing
1STN,L,89,V,destabilizing
1STN,L,89,A,destabilizing
1STN,L,89,G,destabilizing
1STN,E,10,A,destabilizing
1STN,E,10,Q,destabilizing
1STN,E,10,G,destabilizing
1STN,E,10,K,destabilizing
1STN,T,44,V,stabilizing
1STN,T,44,C,destabilizing
1STN,T,44,A,destabilizing
1STN,T,44,I,destabilizing
1STN,T,44,G,destabilizing
1STN,V,114,I,destabilizing
1STN,V,114,G,destabilizing
1STN,V,114,L,destabilizing
1STN,V,114,T,destabilizing
1STN,N,119,A,destabilizing
1STN,N,119,G,destabilizing
1STN,G,50,A,stabilizing
1STN,G,50,F,destabilizing
1STN,G,50,C,destabilizing
1STN,G,50,V,destabilizing
1STN,E,122,A,destabilizing
1STN,E,122,F,destabilizing
1STN,E,122,Q,destabilizing
1STN,E,122,G,destabilizing
1STN,E,122,K,destabilizing
1STN,M,65,L,destabilizing
1STN,M,65,A,destabilizing
1STN,M,65,G,destabilizing
1STN,M,65,F,destabilizing
1STN,T,33,I,stabilizing
1STN,T,33,V,stabilizing
1STN,T,33,C,destabilizing
1STN,T,33,A,destabilizing
1STN,T,33,G,destabilizing
1STN,E,101,A,destabilizing
1STN,E,101,G,destabilizing
1STN,E,101,F,destabilizing
1STN,D,83,F,destabilizing
1STN,H,121,A,destabilizing
1STN,H,121,G,destabilizing
1STN,R,35,A,destabilizing
1STN,R,35,G,destabilizing
1STN,H,46,G,destabilizing
1STN,H,46,A,destabilizing
1STN,E,52,A,destabilizing
1STN,E,52,G,destabilizing
1STN,E,52,F,destabilizing
1STN,L,14,I,destabilizing
1STN,L,14,V,destabilizing
1STN,L,14,A,destabilizing
1STN,L,14,G,destabilizing
1STN,E,43,G,stabilizing
1STN,E,43,A,stabilizing
1STN,E,43,D,stabilizing
1STN,L,7,I,destabilizing
1STN,L,7,V,destabilizing
1STN,L,7,G,destabilizing
1STN,L,7,A,destabilizing
1STN,M,32,A,destabilizing
1STN,M,32,G,destabilizing
1STN,M,32,I,destabilizing
1STN,M,32,L,destabilizing
1STN,I,139,L,destabilizing
1STN,I,139,M,destabilizing
1STN,I,139,V,destabilizing
1STN,Y,54,G,destabilizing
1STN,Y,54,A,destabilizing
1STN,I,139,A,destabilizing
1STN,I,139,G,destabilizing
1STN,Y,54,F,destabilizing
1STN,Y,54,L,destabilizing
1STN,N,138,G,stabilizing
1STN,N,138,A,destabilizing
1STN,E,73,Q,destabilizing
1STN,E,73,F,destabilizing
1STN,E,73,K,destabilizing
1STN,E,73,G,destabilizing
1STN,G,86,A,destabilizing
1STN,G,86,F,destabilizing
1STN,G,86,V,destabilizing
1STN,I,18,L,destabilizing
1STN,I,18,V,destabilizing
1STN,I,18,A,destabilizing
1STN,T,120,S,destabilizing
1STN,T,120,A,destabilizing
1STN,T,120,C,destabilizing
1STN,T,120,I,destabilizing
1STN,T,120,V,destabilizing
1STN,T,120,G,destabilizing
1STN,G,96,A,destabilizing
1STN,G,96,F,destabilizing
1STN,G,96,V,destabilizing
1STN,W,140,H,destabilizing
1STN,W,140,F,destabilizing
1STN,D,95,F,destabilizing
1STN,L,137,I,destabilizing
1STN,L,137,V,destabilizing
1STN,L,137,A,destabilizing
1STN,L,137,G,destabilizing
1STN,A,130,G,destabilizing
1STN,A,130,V,destabilizing
1STN,Q,131,A,destabilizing
1STN,Q,131,F,destabilizing
1STN,Q,131,G,destabilizing
1STN,R,87,A,destabilizing
1STN,R,87,G,destabilizing
1STN,A,60,F,destabilizing
1STN,A,60,C,destabilizing
1STN,P,56,G,destabilizing
1STN,D,40,A,stabilizing
1STN,D,40,G,destabilizing
1STN,P,117,T,stabilizing
1STN,P,117,G,stabilizing
1STN,P,117,A,stabilizing
1STN,P,117,F,stabilizing
1STN,P,117,L,stabilizing
1STN,I,15,M,destabilizing
1STN,I,15,L,destabilizing
1STN,I,15,V,destabilizing
1STN,I,15,A,destabilizing
1STN,I,15,G,destabilizing
1STN,Q,106,A,stabilizing
1STN,Q,106,G,destabilizing
1STN,M,26,L,destabilizing
1STN,M,26,I,destabilizing
1STN,M,26,A,destabilizing
1STN,M,26,G,destabilizing
1STN,T,82,I,stabilizing
1STN,T,82,V,stabilizing
1STN,T,82,C,destabilizing
1STN,T,82,S,destabilizing
1STN,T,82,A,destabilizing
1STN,T,82,G,destabilizing
1STN,G,29,C,destabilizing
1STN,G,29,A,destabilizing
1STN,G,29,F,destabilizing
1STN,G,29,V,destabilizing
1STN,K,24,A,destabilizing
1STN,K,24,F,destabilizing
1STN,K,24,G,destabilizing
1STN,R,105,A,destabilizing
1STN,R,105,G,destabilizing
1STN,R,105,C,destabilizing
1STN,R,105,F,destabilizing
1STN,P,31,A,destabilizing
1STN,P,31,G,destabilizing
1STN,E,135,A,destabilizing
1STN,E,135,Q,destabilizing
1STN,E,135,K,destabilizing
1STN,E,135,F,destabilizing
1STN,E,135,G,destabilizing
1STN,E,67,Q,destabilizing
1STN,E,67,G,destabilizing
1STN,E,67,A,destabilizing
1STN,E,67,F,destabilizing
1STN,E,57,K,destabilizing
1STN,E,57,Q,destabilizing
1STN,E,57,A,destabilizing
1STN,E,57,C,destabilizing
1STN,E,57,F,destabilizing
1STN,E,57,G,destabilizing
1STN,K,133,Q,destabilizing
1STN,K,133,A,destabilizing
1STN,K,133,F,destabilizing
1STN,K,133,G,destabilizing
1STN,T,13,I,destabilizing
1STN,T,13,S,destabilizing
1STN,T,13,V,destabilizing
1STN,T,13,A,destabilizing
1STN,T,13,G,destabilizing
1STN,T,13,C,destabilizing
1STN,R,126,A,destabilizing
1STN,R,126,G,destabilizing
1STN,H,124,Q,stabilizing
1STN,H,124,A,stabilizing
1STN,H,124,F,stabilizing
1STN,H,124,E,stabilizing
1STN,H,124,G,destabilizing
1STN,K,9,F,destabilizing
1STN,K,9,A,destabilizing
1STN,K,9,G,destabilizing
1STN,K,63,A,destabilizing
1STN,K,63,Q,destabilizing
1STN,K,63,E,destabilizing
1STN,K,63,G,destabilizing
1STN,K,63,F,destabilizing
1STN,V,51,I,stabilizing
1STN,V,51,L,destabilizing
1STN,V,51,A,destabilizing
1STN,V,51,G,destabilizing
1STN,V,51,T,stabilizing
1STN,V,51,S,destabilizing
1STN,K,110,A,destabilizing
1STN,K,110,G,destabilizing
1STN,Q,30,A,destabilizing
1STN,Q,30,G,destabilizing
1STN,S,141,A,destabilizing
1STN,S,141,G,destabilizing
1STN,N,68,A,destabilizing
1STN,N,68,G,destabilizing
1STN,Q,123,A,destabilizing
1STN,Q,123,G,destabilizing
1STN,Q,123,F,destabilizing
1STN,P,11,A,destabilizing
1STN,P,11,F,destabilizing
1STN,P,11,G,destabilizing
1STN,K,16,A,destabilizing
1STN,K,16,F,destabilizing
1STN,K,16,G,destabilizing
1STN,H,8,A,destabilizing
1STN,H,8,G,destabilizing
1STN,Q,80,A,destabilizing
1STN,Q,80,F,destabilizing
1STN,Q,80,G,destabilizing
1STN,R,81,A,destabilizing
1STN,R,81,G,destabilizing
1STN,P,47,G,destabilizing
1STN,P,47,F,destabilizing
1STN,P,47,A,destabilizing
1STN,K,45,A,stabilizing
1STN,K,45,G,stabilizing
1STN,K,78,F,stabilizing
1STN,K,78,Q,destabilizing
1STN,K,78,C,destabilizing
1STN,K,78,A,destabilizing
1STN,K,78,E,destabilizing
1STN,K,78,G,destabilizing
1STN,K,97,A,destabilizing
1STN,K,97,Q,destabilizing
1STN,K,97,E,destabilizing
1STN,K,97,F,destabilizing
1STN,K,97,G,destabilizing
1STN,K,71,A,destabilizing
1STN,K,71,G,destabilizing
1STN,K,127,A,stabilizing
1STN,K,127,F,destabilizing
1STN,K,127,G,destabilizing
1STN,K,49,G,destabilizing
1STN,K,49,A,destabilizing
1STN,K,136,A,destabilizing
1STN,K,136,F,destabilizing
1STN,K,64,A,stabilizing
1STN,K,64,F,destabilizing
1STN,K,64,G,destabilizing
1STN,K,64,E,destabilizing
1STN,K,134,A,stabilizing
1STN,K,134,F,destabilizing
1STN,K,134,G,destabilizing
1STN,K,134,C,destabilizing
1STN,Y,115,F,destabilizing
1STN,Y,115,L,destabilizing
1STN,Y,115,A,destabilizing
1STN,Y,115,G,destabilizing
1STN,Y,85,F,destabilizing
1STN,Y,85,L,destabilizing
1STN,Y,85,A,destabilizing
1STN,Y,85,G,destabilizing
1STN,K,28,Q,destabilizing
1STN,K,28,G,destabilizing
1STN,K,28,A,destabilizing
1STN,K,28,E,destabilizing
1STN,K,28,F,destabilizing
1STN,K,53,A,destabilizing
1STN,K,53,G,destabilizing
1STN,K,116,G,stabilizing
1STN,K,116,A,stabilizing
1STN,K,116,F,destabilizing
1STN,Y,113,L,stabilizing
1STN,Y,113,A,stabilizing
1STN,Y,113,G,destabilizing
1STN,K,70,F,destabilizing
1STN,K,70,A,destabilizing
1STN,K,70,Q,destabilizing
1STN,K,70,E,destabilizing
1STN,K,70,W,destabilizing
1STN,K,70,G,destabilizing
1STN,K,70,C,destabilizing
1STN,K,84,A,stabilizing
1STN,K,84,Q,destabilizing
1STN,K,84,G,destabilizing
1STN,K,84,F,destabilizing
1STN,K,48,G,stabilizing
1STN,K,48,A,stabilizing
1STN,K,48,Q,destabilizing
1STN,K,48,F,destabilizing
1STN,K,6,G,stabilizing
1STN,K,6,A,stabilizing
