AAWT,Pos,AAMT,ChainID,WT_SSE,WT_RSA,WT_DEPTH,WT_OSP,MT_SSE,MT_RSA,MT_DEPTH,MT_OSP,DDG,Outcome
C,182,A,A,H,34.6,3.5,0.35,H,42.5,3.4,0.32,0.73,Increased stability 
D,26,A,A,H,64.0,3.4,0.31,H,59.9,3.4,0.29,1.48,Increased stability 
D,171,A,A,H,60.3,3.5,0.34,H,48.6,3.3,0.4,1.24,Increased stability 
E,56,A,A,H,29.3,3.8,0.29,H,43.2,3.4,0.25,-0.66,Reduced stability 
E,65,A,A,H,95.6,3.3,0.18,H,92.1,3.1,0.23,-0.02,Reduced stability 
E,66,A,A,H,49.5,3.5,0.36,H,42.5,3.4,0.4,-0.66,Reduced stability 
E,174,A,A,H,26.9,3.8,0.36,H,26.9,3.7,0.36,-0.1,Reduced stability 
E,186,A,A,p,111.0,3.2,0.08,p,113.2,2.9,0.1,0.74,Increased stability 
F,10,A,A,H,0.0,7.5,0.56,H,11.4,6.7,0.43,-2.48,Reduced stability 
F,25,A,A,H,48.4,3.6,0.3,H,41.1,3.2,0.39,0.97,Increased stability 
F,54,A,A,H,16.0,5.6,0.43,H,46.0,3.7,0.25,-2.09,Reduced stability 
F,176,A,A,H,4.1,6.1,0.52,H,12.3,7.4,0.45,-2.44,Reduced stability 
F,191,A,A,e,94.2,3.3,0.06,p,153.9,3.0,0.0,0.0,Increased stability 
G,187,A,A,g,38.0,3.8,0.33,g,50.9,3.2,0.33,-3.13,Reduced stability 
H,18,A,A,H,66.7,3.4,0.27,H,45.3,3.4,0.37,0.55,Increased stability 
H,21,A,A,H,22.7,4.2,0.44,H,16.8,4.1,0.45,0.55,Increased stability 
I,4,A,A,p,86.9,3.3,0.13,p,75.1,3.0,0.15,0.15,Increased stability 
I,58,A,A,b,0.0,6.6,0.48,b,5.3,6.3,0.38,-4.47,Reduced stability 
I,179,A,A,H,16.0,4.3,0.41,H,21.0,4.2,0.38,-2.26,Reduced stability 
K,70,A,A,p,37.6,4.4,0.33,p,20.5,3.7,0.37,0.68,Increased stability 
K,168,A,A,H,33.9,3.6,0.33,H,51.9,3.6,0.34,0.72,Increased stability 
K,172,A,A,H,25.4,4.1,0.42,H,30.4,4.0,0.51,0.8,Increased stability 
L,6,A,A,a,12.5,4.8,0.37,a,31.5,4.2,0.32,-3.06,Reduced stability 
L,9,A,A,H,32.5,4.3,0.3,H,43.6,3.7,0.34,0.15,Increased stability 
L,15,A,A,H,82.6,3.3,0.2,H,73.1,3.0,0.3,0.15,Increased stability 
L,45,A,A,H,37.8,3.7,0.32,H,64.4,3.1,0.3,0.15,Increased stability 
L,73,A,A,H,23.1,3.6,0.42,H,52.8,3.3,0.37,0.15,Increased stability 
M,14,A,A,H,13.3,4.3,0.42,H,48.5,3.4,0.33,-1.0,Reduced stability 
N,12,A,A,H,34.9,3.7,0.41,H,25.0,3.9,0.47,1.1,Increased stability 
N,63,A,A,b,65.8,3.7,0.3,b,67.6,3.2,0.24,0.14,Increased stability 
P,5,A,A,p,79.1,3.3,0.15,p,91.6,3.0,0.13,-0.36,Reduced stability 
P,48,A,A,H,51.5,3.4,0.34,H,58.4,3.1,0.34,2.47,Increased stability 
P,59,A,A,p,42.9,3.7,0.29,p,82.1,3.2,0.16,-0.36,Reduced stability 
P,61,A,A,p,1.9,5.7,0.41,p,2.5,5.4,0.36,-0.27,Reduced stability 
Q,22,A,A,H,46.0,3.8,0.35,H,44.5,3.6,0.37,0.39,Increased stability 
Q,29,A,A,H,59.5,3.5,0.27,H,54.0,3.3,0.34,0.42,Increased stability 
Q,46,A,A,a,88.9,3.2,0.17,H,87.0,3.0,0.19,0.11,Increased stability 
Q,68,A,A,H,44.2,3.5,0.27,H,56.2,3.1,0.26,0.39,Increased stability 
Q,69,A,A,a,84.8,3.4,0.15,H,75.9,3.1,0.2,0.11,Increased stability 
Q,181,A,A,H,5.4,5.2,0.56,H,6.0,6.5,0.57,0.74,Increased stability 
R,8,A,A,H,94.8,3.2,0.13,H,92.9,3.0,0.21,0.48,Increased stability 
R,16,A,A,H,23.9,4.0,0.45,H,14.6,4.5,0.5,-0.09,Reduced stability 
R,19,A,A,H,37.0,3.7,0.38,H,42.5,3.4,0.41,-0.09,Reduced stability 
R,64,A,A,H,84.3,3.3,0.16,H,95.2,3.1,0.21,0.41,Increased stability 
R,167,A,A,H,29.0,4.1,0.38,H,22.3,3.9,0.42,0.48,Increased stability 
R,178,A,A,H,48.0,3.5,0.35,H,49.6,3.2,0.41,0.41,Increased stability 
R,183,A,A,H,37.8,3.6,0.26,H,67.1,3.2,0.2,-0.09,Reduced stability 
S,7,A,A,H,53.4,3.3,0.33,H,52.8,3.2,0.32,1.58,Increased stability 
S,51,A,A,H,10.1,4.5,0.46,H,13.6,4.1,0.43,1.26,Increased stability 
S,55,A,A,H,0.4,7.3,0.48,H,0.4,7.5,0.45,1.5,Increased stability 
S,57,A,A,H,81.3,3.3,0.23,H,76.9,3.2,0.2,1.4,Increased stability 
S,62,A,A,a,84.8,3.2,0.15,a,80.4,3.0,0.14,0.34,Increased stability 
S,71,A,A,p,72.7,3.3,0.36,p,77.6,3.1,0.34,0.02,Increased stability 
S,184,A,A,H,16.2,4.0,0.38,H,15.8,4.3,0.32,1.26,Increased stability 
S,188,A,A,a,26.9,4.5,0.32,a,32.3,3.7,0.25,0.67,Increased stability 
T,3,A,A,b,96.5,3.2,0.07,b,94.8,3.1,0.1,-0.12,Reduced stability 
T,175,A,A,H,52.2,3.6,0.36,H,57.1,3.2,0.38,1.54,Increased stability 
V,180,A,A,H,0.0,7.3,0.61,H,0.0,8.0,0.51,-0.87,Reduced stability 
V,185,A,A,b,14.7,4.4,0.37,b,12.8,4.4,0.31,-2.02,Reduced stability 
Y,42,A,A,H,64.2,3.4,0.31,H,65.0,3.2,0.37,0.56,Increased stability 
Y,164,A,A,H,13.6,5.1,0.42,H,19.6,5.2,0.43,-1.07,Reduced stability 
C,308,A,B,E,15.4,4.0,0.52,E,7.8,4.2,0.54,-1.16,Reduced stability 
C,322,A,B,E,41.9,3.4,0.3,E,55.0,3.1,0.26,-0.56,Reduced stability 
D,326,A,B,H,22.1,4.0,0.41,H,19.7,4.0,0.36,0.52,Increased stability 
D,364,A,B,t,23.6,4.1,0.46,t,24.2,3.7,0.37,-0.01,Reduced stability 
D,405,A,B,a,59.2,3.5,0.18,a,67.0,3.2,0.15,0.02,Increased stability 
E,242,A,B,a,10.7,4.5,0.53,a,9.8,4.5,0.47,-1.33,Reduced stability 
E,244,A,B,a,49.3,3.6,0.32,a,48.6,3.2,0.37,0.06,Increased stability 
E,279,A,B,p,89.2,3.3,0.18,p,93.6,3.0,0.18,0.52,Increased stability 
E,282,A,B,E,39.1,3.6,0.36,E,46.3,3.2,0.32,-0.59,Reduced stability 
E,291,A,B,p,96.9,3.3,0.12,p,99.6,3.1,0.15,0.74,Increased stability 
E,320,A,B,E,51.3,3.6,0.28,E,48.3,3.2,0.29,-0.59,Reduced stability 
E,327,A,B,H,65.3,3.3,0.23,a,75.5,3.2,0.24,0.08,Increased stability 
E,373,A,B,E,10.3,4.4,0.46,E,5.6,4.9,0.43,0.27,Increased stability 
E,375,A,B,E,10.7,4.3,0.46,E,13.5,4.5,0.42,-1.68,Reduced stability 
E,380,A,B,E,13.1,4.3,0.51,E,7.4,4.5,0.5,-1.48,Reduced stability 
E,407,A,B,E,38.7,3.7,0.38,E,38.0,3.5,0.35,-0.4,Reduced stability 
E,409,A,B,E,12.9,4.8,0.52,E,8.2,5.0,0.48,-1.68,Reduced stability 
E,424,A,B,p,81.9,3.3,0.17,p,83.4,3.0,0.27,0.74,Increased stability 
F,296,S,B,E,0.0,8.5,0.59,E,8.8,8.1,0.51,-2.83,Reduced stability 
F,300,A,B,a,37.6,4.2,0.34,a,24.8,3.9,0.34,-0.02,Reduced stability 
I,303,A,B,b,6.3,4.7,0.46,b,5.4,4.6,0.36,-4.46,Reduced stability 
I,305,A,B,b,26.5,4.3,0.39,b,21.5,3.8,0.33,-1.23,Reduced stability 
I,328,A,B,H,10.3,5.4,0.49,a,15.6,5.1,0.42,-2.03,Reduced stability 
I,365,A,B,a,35.6,3.8,0.32,a,50.7,3.4,0.21,0.17,Increased stability 
K,281,A,B,E,49.4,3.5,0.31,E,55.1,3.4,0.39,-0.38,Reduced stability 
K,310,A,B,E,28.6,4.1,0.43,E,17.0,4.3,0.45,-0.38,Reduced stability 
K,321,A,B,E,41.7,3.7,0.34,E,46.6,3.3,0.39,-0.31,Reduced stability 
K,367,A,B,a,74.5,3.3,0.2,a,70.2,3.2,0.18,0.18,Increased stability 
K,379,A,B,E,9.0,5.3,0.58,E,2.6,6.8,0.52,0.2,Increased stability 
K,403,A,B,E,54.5,3.8,0.32,E,22.7,3.7,0.45,-0.31,Reduced stability 
K,406,A,B,b,39.0,3.9,0.31,b,33.4,3.8,0.31,0.15,Increased stability 
K,415,A,B,E,26.1,4.3,0.46,E,13.6,4.3,0.49,-0.38,Reduced stability 
N,272,A,B,b,41.2,3.5,0.26,b,50.7,3.2,0.25,0.51,Increased stability 
N,297,A,B,p,56.9,3.7,0.42,p,49.4,3.2,0.44,0.67,Increased stability 
N,418,A,B,g,116.8,3.3,0.07,g,109.3,3.0,0.07,1.03,Increased stability 
P,241,A,B,a,15.3,4.1,0.42,a,7.8,4.5,0.43,-0.25,Reduced stability 
P,306,A,B,E,30.5,3.7,0.42,E,41.3,3.4,0.39,1.51,Increased stability 
Q,274,A,B,a,112.4,3.1,0.06,a,103.8,3.0,0.12,0.24,Increased stability 
Q,278,A,B,p,27.5,4.1,0.27,p,47.0,3.6,0.17,0.38,Increased stability 
Q,330,A,B,t,25.8,4.5,0.38,t,2.6,5.5,0.42,1.22,Increased stability 
Q,366,A,B,a,75.0,3.4,0.22,a,99.4,3.0,0.12,0.09,Increased stability 
Q,416,A,B,E,8.2,5.5,0.48,E,10.5,6.0,0.39,-1.31,Reduced stability 
R,239,A,B,E,33.7,3.9,0.32,E,29.7,3.5,0.37,-0.61,Reduced stability 
R,243,A,B,l,15.6,5.2,0.42,g,15.1,5.6,0.44,-1.3,Reduced stability 
R,243,L,B,l,15.6,5.2,0.42,g,10.1,5.4,0.51,-0.35,Reduced stability 
R,243,M,B,l,15.6,5.2,0.42,g,9.7,5.4,0.46,-0.94,Reduced stability 
R,270,A,B,E,21.3,4.7,0.47,E,8.9,6.1,0.53,-0.59,Reduced stability 
R,271,A,B,p,40.4,4.1,0.36,p,16.8,3.9,0.44,0.47,Increased stability 
R,411,A,B,E,26.0,4.6,0.51,E,8.9,4.3,0.48,-0.59,Reduced stability 
R,417,A,B,p,47.3,3.8,0.28,p,31.1,3.6,0.3,0.35,Increased stability 
S,247,A,B,E,11.6,4.3,0.47,E,14.0,4.3,0.46,0.13,Increased stability 
S,298,A,B,a,72.6,3.2,0.24,a,74.7,3.1,0.23,0.4,Increased stability 
S,299,A,B,a,82.6,3.2,0.2,a,84.8,3.0,0.23,0.34,Increased stability 
S,302,A,B,b,34.0,3.5,0.33,b,32.1,3.4,0.34,0.14,Increased stability 
S,324,A,B,E,16.9,3.9,0.51,E,15.9,3.8,0.51,0.13,Increased stability 
S,419,A,B,b,35.9,3.7,0.27,b,32.4,3.8,0.29,0.14,Increased stability 
T,251,A,B,p,76.7,3.3,0.15,b,64.7,3.1,0.5,0.0,Increased stability 
T,273,A,B,e,38.4,3.5,0.14,e,90.6,3.1,0.14,1.02,Increased stability 
T,277,A,B,a,72.0,3.2,0.16,a,75.3,3.0,0.13,0.35,Increased stability 
T,301,A,B,b,0.8,5.9,0.49,b,0.3,5.1,0.41,-0.15,Reduced stability 
T,394,A,B,b,67.9,3.3,0.3,b,82.3,3.0,0.27,-0.12,Reduced stability 
T,395,A,B,a,40.6,3.7,0.38,a,56.1,3.4,0.38,0.12,Increased stability 
V,325,A,B,a,0.0,8.0,0.55,a,0.0,7.6,0.46,-1.42,Reduced stability 
V,329,A,B,p,0.0,8.0,0.47,p,0.0,7.7,0.35,-0.72,Reduced stability 
V,371,A,B,b,62.4,3.5,0.28,b,69.3,3.1,0.3,-1.16,Reduced stability 
W,276,A,B,t,36.0,3.7,0.33,t,48.1,3.2,0.23,-0.1,Reduced stability 
W,280,A,B,p,40.2,3.9,0.34,p,50.1,3.3,0.28,0.34,Increased stability 
W,304,A,B,l,66.7,3.4,0.2,l,83.4,3.0,0.18,0.03,Increased stability 
W,304,F,B,l,66.7,3.4,0.2,l,73.2,3.4,0.2,-0.16,Reduced stability 
W,369,A,B,a,43.8,3.7,0.26,a,58.6,3.3,0.23,-0.01,Reduced stability 
Y,295,A,B,E,36.2,4.0,0.38,E,24.2,3.7,0.41,-0.94,Reduced stability 
